{
  "/image-331" : {
    "transaction" : "/image-331",
    "sampleCount" : 1,
    "errorCount" : 0,
    "errorPct" : 0.0,
    "meanResTime" : 164.0,
    "medianResTime" : 164.0,
    "minResTime" : 164.0,
    "maxResTime" : 164.0,
    "pct1ResTime" : 164.0,
    "pct2ResTime" : 164.0,
    "pct3ResTime" : 164.0,
    "throughput" : 6.097560975609756,
    "receivedKBytesPerSec" : 13.433689024390244,
    "sentKBytesPerSec" : 1.762576219512195
  },
  "/cxxx-261" : {
    "transaction" : "/cxxx-261",
    "sampleCount" : 1,
    "errorCount" : 0,
    "errorPct" : 0.0,
    "meanResTime" : 142.0,
    "medianResTime" : 142.0,
    "minResTime" : 142.0,
    "maxResTime" : 142.0,
    "pct1ResTime" : 142.0,
    "pct2ResTime" : 142.0,
    "pct3ResTime" : 142.0,
    "throughput" : 7.042253521126761,
    "receivedKBytesPerSec" : 15.514964788732396,
    "sentKBytesPerSec" : 2.028774207746479
  },
  "/DSAD-344" : {
    "transaction" : "/DSAD-344",
    "sampleCount" : 1,
    "errorCount" : 0,
    "errorPct" : 0.0,
    "meanResTime" : 224.0,
    "medianResTime" : 224.0,
    "minResTime" : 224.0,
    "maxResTime" : 224.0,
    "pct1ResTime" : 224.0,
    "pct2ResTime" : 224.0,
    "pct3ResTime" : 224.0,
    "throughput" : 4.464285714285714,
    "receivedKBytesPerSec" : 9.835379464285714,
    "sentKBytesPerSec" : 1.2860979352678572
  },
  "/success.txt-221" : {
    "transaction" : "/success.txt-221",
    "sampleCount" : 1,
    "errorCount" : 0,
    "errorPct" : 0.0,
    "meanResTime" : 63.0,
    "medianResTime" : 63.0,
    "minResTime" : 63.0,
    "maxResTime" : 63.0,
    "pct1ResTime" : 63.0,
    "pct2ResTime" : 63.0,
    "pct3ResTime" : 63.0,
    "throughput" : 15.873015873015872,
    "receivedKBytesPerSec" : 3.3482142857142856,
    "sentKBytesPerSec" : 4.727802579365079
  },
  "/success.txt-222" : {
    "transaction" : "/success.txt-222",
    "sampleCount" : 1,
    "errorCount" : 0,
    "errorPct" : 0.0,
    "meanResTime" : 79.0,
    "medianResTime" : 79.0,
    "minResTime" : 79.0,
    "maxResTime" : 79.0,
    "pct1ResTime" : 79.0,
    "pct2ResTime" : 79.0,
    "pct3ResTime" : 79.0,
    "throughput" : 12.658227848101266,
    "receivedKBytesPerSec" : 2.670094936708861,
    "sentKBytesPerSec" : 3.7702729430379747
  },
  "/ere-375" : {
    "transaction" : "/ere-375",
    "sampleCount" : 1,
    "errorCount" : 0,
    "errorPct" : 0.0,
    "meanResTime" : 135.0,
    "medianResTime" : 135.0,
    "minResTime" : 135.0,
    "maxResTime" : 135.0,
    "pct1ResTime" : 135.0,
    "pct2ResTime" : 135.0,
    "pct3ResTime" : 135.0,
    "throughput" : 7.407407407407407,
    "receivedKBytesPerSec" : 16.319444444444443,
    "sentKBytesPerSec" : 2.126736111111111
  },
  "/SD-241" : {
    "transaction" : "/SD-241",
    "sampleCount" : 1,
    "errorCount" : 0,
    "errorPct" : 0.0,
    "meanResTime" : 77.0,
    "medianResTime" : 77.0,
    "minResTime" : 77.0,
    "maxResTime" : 77.0,
    "pct1ResTime" : 77.0,
    "pct2ResTime" : 77.0,
    "pct3ResTime" : 77.0,
    "throughput" : 12.987012987012989,
    "receivedKBytesPerSec" : 28.61201298701299,
    "sentKBytesPerSec" : 3.716010551948052
  },
  "/z-329" : {
    "transaction" : "/z-329",
    "sampleCount" : 1,
    "errorCount" : 0,
    "errorPct" : 0.0,
    "meanResTime" : 102.0,
    "medianResTime" : 102.0,
    "minResTime" : 102.0,
    "maxResTime" : 102.0,
    "pct1ResTime" : 102.0,
    "pct2ResTime" : 102.0,
    "pct3ResTime" : 102.0,
    "throughput" : 9.803921568627452,
    "receivedKBytesPerSec" : 21.599264705882355,
    "sentKBytesPerSec" : 2.795649509803922
  },
  "/hy-240" : {
    "transaction" : "/hy-240",
    "sampleCount" : 1,
    "errorCount" : 0,
    "errorPct" : 0.0,
    "meanResTime" : 74.0,
    "medianResTime" : 74.0,
    "minResTime" : 74.0,
    "maxResTime" : 74.0,
    "pct1ResTime" : 74.0,
    "pct2ResTime" : 74.0,
    "pct3ResTime" : 74.0,
    "throughput" : 13.513513513513514,
    "receivedKBytesPerSec" : 29.77195945945946,
    "sentKBytesPerSec" : 3.8666596283783785
  },
  "/assets/images/S3.jpg-313" : {
    "transaction" : "/assets/images/S3.jpg-313",
    "sampleCount" : 1,
    "errorCount" : 0,
    "errorPct" : 0.0,
    "meanResTime" : 3369.0,
    "medianResTime" : 3369.0,
    "minResTime" : 3369.0,
    "maxResTime" : 3369.0,
    "pct1ResTime" : 3369.0,
    "pct2ResTime" : 3369.0,
    "pct3ResTime" : 3369.0,
    "throughput" : 0.2968239833778569,
    "receivedKBytesPerSec" : 218.26070421490056,
    "sentKBytesPerSec" : 0.09014869026417334
  },
  "/f-284" : {
    "transaction" : "/f-284",
    "sampleCount" : 1,
    "errorCount" : 0,
    "errorPct" : 0.0,
    "meanResTime" : 132.0,
    "medianResTime" : 132.0,
    "minResTime" : 132.0,
    "maxResTime" : 132.0,
    "pct1ResTime" : 132.0,
    "pct2ResTime" : 132.0,
    "pct3ResTime" : 132.0,
    "throughput" : 7.575757575757576,
    "receivedKBytesPerSec" : 16.69034090909091,
    "sentKBytesPerSec" : 2.160274621212121
  },
  "/canonical.html-305" : {
    "transaction" : "/canonical.html-305",
    "sampleCount" : 1,
    "errorCount" : 0,
    "errorPct" : 0.0,
    "meanResTime" : 51.0,
    "medianResTime" : 51.0,
    "minResTime" : 51.0,
    "maxResTime" : 51.0,
    "pct1ResTime" : 51.0,
    "pct2ResTime" : 51.0,
    "pct3ResTime" : 51.0,
    "throughput" : 19.607843137254903,
    "receivedKBytesPerSec" : 5.706188725490197,
    "sentKBytesPerSec" : 5.801930147058824
  },
  "/3$-330" : {
    "transaction" : "/3$-330",
    "sampleCount" : 1,
    "errorCount" : 0,
    "errorPct" : 0.0,
    "meanResTime" : 75.0,
    "medianResTime" : 75.0,
    "minResTime" : 75.0,
    "maxResTime" : 75.0,
    "pct1ResTime" : 75.0,
    "pct2ResTime" : 75.0,
    "pct3ResTime" : 75.0,
    "throughput" : 13.333333333333334,
    "receivedKBytesPerSec" : 29.375,
    "sentKBytesPerSec" : 3.815104166666667
  },
  "/shorts/TH370egHXAw-255" : {
    "transaction" : "/shorts/TH370egHXAw-255",
    "sampleCount" : 1,
    "errorCount" : 0,
    "errorPct" : 0.0,
    "meanResTime" : 95.0,
    "medianResTime" : 95.0,
    "minResTime" : 95.0,
    "maxResTime" : 95.0,
    "pct1ResTime" : 95.0,
    "pct2ResTime" : 95.0,
    "pct3ResTime" : 95.0,
    "throughput" : 10.526315789473683,
    "receivedKBytesPerSec" : 23.19078947368421,
    "sentKBytesPerSec" : 3.1763980263157894
  },
  "/h5.c2b6bb58b82d5b774bdd.jpg-233" : {
    "transaction" : "/h5.c2b6bb58b82d5b774bdd.jpg-233",
    "sampleCount" : 1,
    "errorCount" : 0,
    "errorPct" : 0.0,
    "meanResTime" : 737.0,
    "medianResTime" : 737.0,
    "minResTime" : 737.0,
    "maxResTime" : 737.0,
    "pct1ResTime" : 737.0,
    "pct2ResTime" : 737.0,
    "pct3ResTime" : 737.0,
    "throughput" : 1.3568521031207597,
    "receivedKBytesPerSec" : 229.49483760176392,
    "sentKBytesPerSec" : 0.42136618046132973
  },
  "/zdfasdf-282" : {
    "transaction" : "/zdfasdf-282",
    "sampleCount" : 1,
    "errorCount" : 0,
    "errorPct" : 0.0,
    "meanResTime" : 147.0,
    "medianResTime" : 147.0,
    "minResTime" : 147.0,
    "maxResTime" : 147.0,
    "pct1ResTime" : 147.0,
    "pct2ResTime" : 147.0,
    "pct3ResTime" : 147.0,
    "throughput" : 6.802721088435374,
    "receivedKBytesPerSec" : 14.987244897959185,
    "sentKBytesPerSec" : 1.9796981292517009
  },
  "/image5-251" : {
    "transaction" : "/image5-251",
    "sampleCount" : 1,
    "errorCount" : 0,
    "errorPct" : 0.0,
    "meanResTime" : 149.0,
    "medianResTime" : 149.0,
    "minResTime" : 149.0,
    "maxResTime" : 149.0,
    "pct1ResTime" : 149.0,
    "pct2ResTime" : 149.0,
    "pct3ResTime" : 149.0,
    "throughput" : 6.7114093959731544,
    "receivedKBytesPerSec" : 14.786073825503356,
    "sentKBytesPerSec" : 1.946570889261745
  },
  "/assets/images/tcl.jpg-320" : {
    "transaction" : "/assets/images/tcl.jpg-320",
    "sampleCount" : 1,
    "errorCount" : 0,
    "errorPct" : 0.0,
    "meanResTime" : 1754.0,
    "medianResTime" : 1754.0,
    "minResTime" : 1754.0,
    "maxResTime" : 1754.0,
    "pct1ResTime" : 1754.0,
    "pct2ResTime" : 1754.0,
    "pct3ResTime" : 1754.0,
    "throughput" : 0.5701254275940707,
    "receivedKBytesPerSec" : 230.41474397805018,
    "sentKBytesPerSec" : 0.17371009122006842
  },
  "/success.txt-354" : {
    "transaction" : "/success.txt-354",
    "sampleCount" : 1,
    "errorCount" : 0,
    "errorPct" : 0.0,
    "meanResTime" : 105.0,
    "medianResTime" : 105.0,
    "minResTime" : 105.0,
    "maxResTime" : 105.0,
    "pct1ResTime" : 105.0,
    "pct2ResTime" : 105.0,
    "pct3ResTime" : 105.0,
    "throughput" : 9.523809523809526,
    "receivedKBytesPerSec" : 2.0089285714285716,
    "sentKBytesPerSec" : 2.836681547619048
  },
  "/sdfsfsdfsf-265" : {
    "transaction" : "/sdfsfsdfsf-265",
    "sampleCount" : 1,
    "errorCount" : 0,
    "errorPct" : 0.0,
    "meanResTime" : 121.0,
    "medianResTime" : 121.0,
    "minResTime" : 121.0,
    "maxResTime" : 121.0,
    "pct1ResTime" : 121.0,
    "pct2ResTime" : 121.0,
    "pct3ResTime" : 121.0,
    "throughput" : 8.264462809917356,
    "receivedKBytesPerSec" : 18.207644628099175,
    "sentKBytesPerSec" : 2.4293001033057853
  },
  "/a4.9608dfaec5b1e9e8450e.jpg-303" : {
    "transaction" : "/a4.9608dfaec5b1e9e8450e.jpg-303",
    "sampleCount" : 1,
    "errorCount" : 0,
    "errorPct" : 0.0,
    "meanResTime" : 5996.0,
    "medianResTime" : 5996.0,
    "minResTime" : 5996.0,
    "maxResTime" : 5996.0,
    "pct1ResTime" : 5996.0,
    "pct2ResTime" : 5996.0,
    "pct3ResTime" : 5996.0,
    "throughput" : 0.1667778519012675,
    "receivedKBytesPerSec" : 134.31806099899933,
    "sentKBytesPerSec" : 0.05179234072715143
  },
  "/success.txt-358" : {
    "transaction" : "/success.txt-358",
    "sampleCount" : 1,
    "errorCount" : 0,
    "errorPct" : 0.0,
    "meanResTime" : 88.0,
    "medianResTime" : 88.0,
    "minResTime" : 88.0,
    "maxResTime" : 88.0,
    "pct1ResTime" : 88.0,
    "pct2ResTime" : 88.0,
    "pct3ResTime" : 88.0,
    "throughput" : 11.363636363636363,
    "receivedKBytesPerSec" : 2.3970170454545454,
    "sentKBytesPerSec" : 3.384676846590909
  },
  "/assets/videos/bg2.mov-395" : {
    "transaction" : "/assets/videos/bg2.mov-395",
    "sampleCount" : 1,
    "errorCount" : 0,
    "errorPct" : 0.0,
    "meanResTime" : 366.0,
    "medianResTime" : 366.0,
    "minResTime" : 366.0,
    "maxResTime" : 366.0,
    "pct1ResTime" : 366.0,
    "pct2ResTime" : 366.0,
    "pct3ResTime" : 366.0,
    "throughput" : 2.73224043715847,
    "receivedKBytesPerSec" : 40.85553278688525,
    "sentKBytesPerSec" : 1.0592768101092895
  },
  "/api/cat-393" : {
    "transaction" : "/api/cat-393",
    "sampleCount" : 1,
    "errorCount" : 0,
    "errorPct" : 0.0,
    "meanResTime" : 97.0,
    "medianResTime" : 97.0,
    "minResTime" : 97.0,
    "maxResTime" : 97.0,
    "pct1ResTime" : 97.0,
    "pct2ResTime" : 97.0,
    "pct3ResTime" : 97.0,
    "throughput" : 10.309278350515465,
    "receivedKBytesPerSec" : 4.681459407216495,
    "sentKBytesPerSec" : 4.792203608247423
  },
  "/api/cat-394" : {
    "transaction" : "/api/cat-394",
    "sampleCount" : 1,
    "errorCount" : 0,
    "errorPct" : 0.0,
    "meanResTime" : 164.0,
    "medianResTime" : 164.0,
    "minResTime" : 164.0,
    "maxResTime" : 164.0,
    "pct1ResTime" : 164.0,
    "pct2ResTime" : 164.0,
    "pct3ResTime" : 164.0,
    "throughput" : 6.097560975609756,
    "receivedKBytesPerSec" : 2.7689119664634143,
    "sentKBytesPerSec" : 2.8344131097560976
  },
  "/api/cat-392" : {
    "transaction" : "/api/cat-392",
    "sampleCount" : 1,
    "errorCount" : 0,
    "errorPct" : 0.0,
    "meanResTime" : 154.0,
    "medianResTime" : 154.0,
    "minResTime" : 154.0,
    "maxResTime" : 154.0,
    "pct1ResTime" : 154.0,
    "pct2ResTime" : 154.0,
    "pct3ResTime" : 154.0,
    "throughput" : 6.493506493506494,
    "receivedKBytesPerSec" : 2.9487114448051948,
    "sentKBytesPerSec" : 2.9867593344155843
  },
  "/polyfills.4e96ffa8230f7e2e95e1.js-216" : {
    "transaction" : "/polyfills.4e96ffa8230f7e2e95e1.js-216",
    "sampleCount" : 1,
    "errorCount" : 0,
    "errorPct" : 0.0,
    "meanResTime" : 185.0,
    "medianResTime" : 185.0,
    "minResTime" : 185.0,
    "maxResTime" : 185.0,
    "pct1ResTime" : 185.0,
    "pct2ResTime" : 185.0,
    "pct3ResTime" : 185.0,
    "throughput" : 5.405405405405405,
    "receivedKBytesPerSec" : 197.44510135135135,
    "sentKBytesPerSec" : 1.5941722972972974
  },
  "/success.txt-365" : {
    "transaction" : "/success.txt-365",
    "sampleCount" : 1,
    "errorCount" : 0,
    "errorPct" : 0.0,
    "meanResTime" : 49.0,
    "medianResTime" : 49.0,
    "minResTime" : 49.0,
    "maxResTime" : 49.0,
    "pct1ResTime" : 49.0,
    "pct2ResTime" : 49.0,
    "pct3ResTime" : 49.0,
    "throughput" : 20.408163265306122,
    "receivedKBytesPerSec" : 4.30484693877551,
    "sentKBytesPerSec" : 6.0786033163265305
  },
  "/Nature-271" : {
    "transaction" : "/Nature-271",
    "sampleCount" : 1,
    "errorCount" : 0,
    "errorPct" : 0.0,
    "meanResTime" : 175.0,
    "medianResTime" : 175.0,
    "minResTime" : 175.0,
    "maxResTime" : 175.0,
    "pct1ResTime" : 175.0,
    "pct2ResTime" : 175.0,
    "pct3ResTime" : 175.0,
    "throughput" : 5.714285714285714,
    "receivedKBytesPerSec" : 12.589285714285715,
    "sentKBytesPerSec" : 1.6573660714285716
  },
  "/success.txt-366" : {
    "transaction" : "/success.txt-366",
    "sampleCount" : 1,
    "errorCount" : 0,
    "errorPct" : 0.0,
    "meanResTime" : 92.0,
    "medianResTime" : 92.0,
    "minResTime" : 92.0,
    "maxResTime" : 92.0,
    "pct1ResTime" : 92.0,
    "pct2ResTime" : 92.0,
    "pct3ResTime" : 92.0,
    "throughput" : 10.869565217391305,
    "receivedKBytesPerSec" : 2.2927989130434785,
    "sentKBytesPerSec" : 3.2375169836956523
  },
  "/x-371" : {
    "transaction" : "/x-371",
    "sampleCount" : 1,
    "errorCount" : 0,
    "errorPct" : 0.0,
    "meanResTime" : 109.0,
    "medianResTime" : 109.0,
    "minResTime" : 109.0,
    "maxResTime" : 109.0,
    "pct1ResTime" : 109.0,
    "pct2ResTime" : 109.0,
    "pct3ResTime" : 109.0,
    "throughput" : 9.174311926605505,
    "receivedKBytesPerSec" : 20.212155963302752,
    "sentKBytesPerSec" : 2.616112385321101
  },
  "/gjygujh-341" : {
    "transaction" : "/gjygujh-341",
    "sampleCount" : 1,
    "errorCount" : 0,
    "errorPct" : 0.0,
    "meanResTime" : 64.0,
    "medianResTime" : 64.0,
    "minResTime" : 64.0,
    "maxResTime" : 64.0,
    "pct1ResTime" : 64.0,
    "pct2ResTime" : 64.0,
    "pct3ResTime" : 64.0,
    "throughput" : 15.625,
    "receivedKBytesPerSec" : 34.423828125,
    "sentKBytesPerSec" : 4.547119140625
  },
  "/api/cat-390" : {
    "transaction" : "/api/cat-390",
    "sampleCount" : 1,
    "errorCount" : 0,
    "errorPct" : 0.0,
    "meanResTime" : 91.0,
    "medianResTime" : 91.0,
    "minResTime" : 91.0,
    "maxResTime" : 91.0,
    "pct1ResTime" : 91.0,
    "pct2ResTime" : 91.0,
    "pct3ResTime" : 91.0,
    "throughput" : 10.989010989010989,
    "receivedKBytesPerSec" : 4.99012706043956,
    "sentKBytesPerSec" : 5.108173076923077
  },
  "/canonical.html-402" : {
    "transaction" : "/canonical.html-402",
    "sampleCount" : 1,
    "errorCount" : 0,
    "errorPct" : 0.0,
    "meanResTime" : 53.0,
    "medianResTime" : 53.0,
    "minResTime" : 53.0,
    "maxResTime" : 53.0,
    "pct1ResTime" : 53.0,
    "pct2ResTime" : 53.0,
    "pct3ResTime" : 53.0,
    "throughput" : 18.867924528301884,
    "receivedKBytesPerSec" : 5.490860849056604,
    "sentKBytesPerSec" : 5.582989386792453
  },
  "/assets/images/news1.jpg-230" : {
    "transaction" : "/assets/images/news1.jpg-230",
    "sampleCount" : 1,
    "errorCount" : 0,
    "errorPct" : 0.0,
    "meanResTime" : 184.0,
    "medianResTime" : 184.0,
    "minResTime" : 184.0,
    "maxResTime" : 184.0,
    "pct1ResTime" : 184.0,
    "pct2ResTime" : 184.0,
    "pct3ResTime" : 184.0,
    "throughput" : 5.434782608695652,
    "receivedKBytesPerSec" : 356.6682235054348,
    "sentKBytesPerSec" : 1.6665251358695652
  },
  "/image-248" : {
    "transaction" : "/image-248",
    "sampleCount" : 1,
    "errorCount" : 0,
    "errorPct" : 0.0,
    "meanResTime" : 152.0,
    "medianResTime" : 152.0,
    "minResTime" : 152.0,
    "maxResTime" : 152.0,
    "pct1ResTime" : 152.0,
    "pct2ResTime" : 152.0,
    "pct3ResTime" : 152.0,
    "throughput" : 6.578947368421052,
    "receivedKBytesPerSec" : 14.494243421052632,
    "sentKBytesPerSec" : 1.9017269736842106
  },
  "/NoImage-362" : {
    "transaction" : "/NoImage-362",
    "sampleCount" : 1,
    "errorCount" : 0,
    "errorPct" : 0.0,
    "meanResTime" : 168.0,
    "medianResTime" : 168.0,
    "minResTime" : 168.0,
    "maxResTime" : 168.0,
    "pct1ResTime" : 168.0,
    "pct2ResTime" : 168.0,
    "pct3ResTime" : 168.0,
    "throughput" : 5.952380952380952,
    "receivedKBytesPerSec" : 13.113839285714285,
    "sentKBytesPerSec" : 1.732235863095238
  },
  "/success.txt-373" : {
    "transaction" : "/success.txt-373",
    "sampleCount" : 1,
    "errorCount" : 0,
    "errorPct" : 0.0,
    "meanResTime" : 23.0,
    "medianResTime" : 23.0,
    "minResTime" : 23.0,
    "maxResTime" : 23.0,
    "pct1ResTime" : 23.0,
    "pct2ResTime" : 23.0,
    "pct3ResTime" : 23.0,
    "throughput" : 43.47826086956522,
    "receivedKBytesPerSec" : 9.171195652173914,
    "sentKBytesPerSec" : 12.95006793478261
  },
  "/api/usernewpost-386" : {
    "transaction" : "/api/usernewpost-386",
    "sampleCount" : 1,
    "errorCount" : 0,
    "errorPct" : 0.0,
    "meanResTime" : 66.0,
    "medianResTime" : 66.0,
    "minResTime" : 66.0,
    "maxResTime" : 66.0,
    "pct1ResTime" : 66.0,
    "pct2ResTime" : 66.0,
    "pct3ResTime" : 66.0,
    "throughput" : 15.151515151515152,
    "receivedKBytesPerSec" : 7.738517992424242,
    "sentKBytesPerSec" : 12.784090909090908
  },
  "/success.txt-374" : {
    "transaction" : "/success.txt-374",
    "sampleCount" : 1,
    "errorCount" : 0,
    "errorPct" : 0.0,
    "meanResTime" : 79.0,
    "medianResTime" : 79.0,
    "minResTime" : 79.0,
    "maxResTime" : 79.0,
    "pct1ResTime" : 79.0,
    "pct2ResTime" : 79.0,
    "pct3ResTime" : 79.0,
    "throughput" : 12.658227848101266,
    "receivedKBytesPerSec" : 2.670094936708861,
    "sentKBytesPerSec" : 3.7702729430379747
  },
  "/success.txt-377" : {
    "transaction" : "/success.txt-377",
    "sampleCount" : 1,
    "errorCount" : 0,
    "errorPct" : 0.0,
    "meanResTime" : 90.0,
    "medianResTime" : 90.0,
    "minResTime" : 90.0,
    "maxResTime" : 90.0,
    "pct1ResTime" : 90.0,
    "pct2ResTime" : 90.0,
    "pct3ResTime" : 90.0,
    "throughput" : 11.11111111111111,
    "receivedKBytesPerSec" : 2.34375,
    "sentKBytesPerSec" : 3.309461805555556
  },
  "/success.txt-378" : {
    "transaction" : "/success.txt-378",
    "sampleCount" : 1,
    "errorCount" : 0,
    "errorPct" : 0.0,
    "meanResTime" : 24.0,
    "medianResTime" : 24.0,
    "minResTime" : 24.0,
    "maxResTime" : 24.0,
    "pct1ResTime" : 24.0,
    "pct2ResTime" : 24.0,
    "pct3ResTime" : 24.0,
    "throughput" : 41.666666666666664,
    "receivedKBytesPerSec" : 8.7890625,
    "sentKBytesPerSec" : 12.410481770833334
  },
  "/assets/images/twiticon.jpg-311" : {
    "transaction" : "/assets/images/twiticon.jpg-311",
    "sampleCount" : 1,
    "errorCount" : 0,
    "errorPct" : 0.0,
    "meanResTime" : 298.0,
    "medianResTime" : 298.0,
    "minResTime" : 298.0,
    "maxResTime" : 298.0,
    "pct1ResTime" : 298.0,
    "pct2ResTime" : 298.0,
    "pct3ResTime" : 298.0,
    "throughput" : 3.3557046979865772,
    "receivedKBytesPerSec" : 171.22942009228188,
    "sentKBytesPerSec" : 1.0388265520134228
  },
  "/f-370" : {
    "transaction" : "/f-370",
    "sampleCount" : 1,
    "errorCount" : 0,
    "errorPct" : 0.0,
    "meanResTime" : 154.0,
    "medianResTime" : 154.0,
    "minResTime" : 154.0,
    "maxResTime" : 154.0,
    "pct1ResTime" : 154.0,
    "pct2ResTime" : 154.0,
    "pct3ResTime" : 154.0,
    "throughput" : 6.493506493506494,
    "receivedKBytesPerSec" : 14.306006493506494,
    "sentKBytesPerSec" : 1.8516639610389611
  },
  "/Image-332" : {
    "transaction" : "/Image-332",
    "sampleCount" : 1,
    "errorCount" : 0,
    "errorPct" : 0.0,
    "meanResTime" : 96.0,
    "medianResTime" : 96.0,
    "minResTime" : 96.0,
    "maxResTime" : 96.0,
    "pct1ResTime" : 96.0,
    "pct2ResTime" : 96.0,
    "pct3ResTime" : 96.0,
    "throughput" : 10.416666666666666,
    "receivedKBytesPerSec" : 22.94921875,
    "sentKBytesPerSec" : 3.0110677083333335
  },
  "/assets/images/S3.jpg-227" : {
    "transaction" : "/assets/images/S3.jpg-227",
    "sampleCount" : 1,
    "errorCount" : 0,
    "errorPct" : 0.0,
    "meanResTime" : 3219.0,
    "medianResTime" : 3219.0,
    "minResTime" : 3219.0,
    "maxResTime" : 3219.0,
    "pct1ResTime" : 3219.0,
    "pct2ResTime" : 3219.0,
    "pct3ResTime" : 3219.0,
    "throughput" : 0.31065548306927615,
    "receivedKBytesPerSec" : 228.4312868903386,
    "sentKBytesPerSec" : 0.09434946800248525
  },
  "/IMAGE3-336" : {
    "transaction" : "/IMAGE3-336",
    "sampleCount" : 1,
    "errorCount" : 0,
    "errorPct" : 0.0,
    "meanResTime" : 89.0,
    "medianResTime" : 89.0,
    "minResTime" : 89.0,
    "maxResTime" : 89.0,
    "pct1ResTime" : 89.0,
    "pct2ResTime" : 89.0,
    "pct3ResTime" : 89.0,
    "throughput" : 11.235955056179774,
    "receivedKBytesPerSec" : 24.754213483146067,
    "sentKBytesPerSec" : 3.258865870786517
  },
  "/canonical.html-219" : {
    "transaction" : "/canonical.html-219",
    "sampleCount" : 1,
    "errorCount" : 0,
    "errorPct" : 0.0,
    "meanResTime" : 63.0,
    "medianResTime" : 63.0,
    "minResTime" : 63.0,
    "maxResTime" : 63.0,
    "pct1ResTime" : 63.0,
    "pct2ResTime" : 63.0,
    "pct3ResTime" : 63.0,
    "throughput" : 15.873015873015872,
    "receivedKBytesPerSec" : 4.619295634920635,
    "sentKBytesPerSec" : 4.696800595238095
  },
  "/IMAGE3-244" : {
    "transaction" : "/IMAGE3-244",
    "sampleCount" : 1,
    "errorCount" : 0,
    "errorPct" : 0.0,
    "meanResTime" : 113.0,
    "medianResTime" : 113.0,
    "minResTime" : 113.0,
    "maxResTime" : 113.0,
    "pct1ResTime" : 113.0,
    "pct2ResTime" : 113.0,
    "pct3ResTime" : 113.0,
    "throughput" : 8.849557522123893,
    "receivedKBytesPerSec" : 19.496681415929203,
    "sentKBytesPerSec" : 2.5667173672566372
  },
  "/NoImage-276" : {
    "transaction" : "/NoImage-276",
    "sampleCount" : 1,
    "errorCount" : 0,
    "errorPct" : 0.0,
    "meanResTime" : 102.0,
    "medianResTime" : 102.0,
    "minResTime" : 102.0,
    "maxResTime" : 102.0,
    "pct1ResTime" : 102.0,
    "pct2ResTime" : 102.0,
    "pct3ResTime" : 102.0,
    "throughput" : 9.803921568627452,
    "receivedKBytesPerSec" : 21.599264705882355,
    "sentKBytesPerSec" : 2.8530943627450984
  },
  "/-294" : {
    "transaction" : "/-294",
    "sampleCount" : 1,
    "errorCount" : 0,
    "errorPct" : 0.0,
    "meanResTime" : 817.0,
    "medianResTime" : 817.0,
    "minResTime" : 817.0,
    "maxResTime" : 817.0,
    "pct1ResTime" : 817.0,
    "pct2ResTime" : 817.0,
    "pct3ResTime" : 817.0,
    "throughput" : 1.2239902080783354,
    "receivedKBytesPerSec" : 0.2091780140758874,
    "sentKBytesPerSec" : 0.5749407129742963
  },
  "/Fruits-359" : {
    "transaction" : "/Fruits-359",
    "sampleCount" : 1,
    "errorCount" : 0,
    "errorPct" : 0.0,
    "meanResTime" : 128.0,
    "medianResTime" : 128.0,
    "minResTime" : 128.0,
    "maxResTime" : 128.0,
    "pct1ResTime" : 128.0,
    "pct2ResTime" : 128.0,
    "pct3ResTime" : 128.0,
    "throughput" : 7.8125,
    "receivedKBytesPerSec" : 17.2119140625,
    "sentKBytesPerSec" : 2.26593017578125
  },
  "/styles.d7c564766412e7b34207.css-217" : {
    "transaction" : "/styles.d7c564766412e7b34207.css-217",
    "sampleCount" : 1,
    "errorCount" : 0,
    "errorPct" : 0.0,
    "meanResTime" : 112.0,
    "medianResTime" : 112.0,
    "minResTime" : 112.0,
    "maxResTime" : 112.0,
    "pct1ResTime" : 112.0,
    "pct2ResTime" : 112.0,
    "pct3ResTime" : 112.0,
    "throughput" : 8.928571428571429,
    "receivedKBytesPerSec" : 38.17313058035714,
    "sentKBytesPerSec" : 2.74658203125
  },
  "/success.txt-266" : {
    "transaction" : "/success.txt-266",
    "sampleCount" : 1,
    "errorCount" : 0,
    "errorPct" : 0.0,
    "meanResTime" : 23.0,
    "medianResTime" : 23.0,
    "minResTime" : 23.0,
    "maxResTime" : 23.0,
    "pct1ResTime" : 23.0,
    "pct2ResTime" : 23.0,
    "pct3ResTime" : 23.0,
    "throughput" : 43.47826086956522,
    "receivedKBytesPerSec" : 9.171195652173914,
    "sentKBytesPerSec" : 12.95006793478261
  },
  "/fsdf-353" : {
    "transaction" : "/fsdf-353",
    "sampleCount" : 1,
    "errorCount" : 0,
    "errorPct" : 0.0,
    "meanResTime" : 140.0,
    "medianResTime" : 140.0,
    "minResTime" : 140.0,
    "maxResTime" : 140.0,
    "pct1ResTime" : 140.0,
    "pct2ResTime" : 140.0,
    "pct3ResTime" : 140.0,
    "throughput" : 7.142857142857142,
    "receivedKBytesPerSec" : 15.73660714285714,
    "sentKBytesPerSec" : 2.057756696428571
  },
  "/z-243" : {
    "transaction" : "/z-243",
    "sampleCount" : 1,
    "errorCount" : 0,
    "errorPct" : 0.0,
    "meanResTime" : 94.0,
    "medianResTime" : 94.0,
    "minResTime" : 94.0,
    "maxResTime" : 94.0,
    "pct1ResTime" : 94.0,
    "pct2ResTime" : 94.0,
    "pct3ResTime" : 94.0,
    "throughput" : 10.638297872340425,
    "receivedKBytesPerSec" : 23.4375,
    "sentKBytesPerSec" : 3.0335771276595747
  },
  "/SD-327" : {
    "transaction" : "/SD-327",
    "sampleCount" : 1,
    "errorCount" : 0,
    "errorPct" : 0.0,
    "meanResTime" : 82.0,
    "medianResTime" : 82.0,
    "minResTime" : 82.0,
    "maxResTime" : 82.0,
    "pct1ResTime" : 82.0,
    "pct2ResTime" : 82.0,
    "pct3ResTime" : 82.0,
    "throughput" : 12.195121951219512,
    "receivedKBytesPerSec" : 26.867378048780488,
    "sentKBytesPerSec" : 3.4894245426829267
  },
  "/assets/images/user.png-290" : {
    "transaction" : "/assets/images/user.png-290",
    "sampleCount" : 1,
    "errorCount" : 0,
    "errorPct" : 0.0,
    "meanResTime" : 187.0,
    "medianResTime" : 187.0,
    "minResTime" : 187.0,
    "maxResTime" : 187.0,
    "pct1ResTime" : 187.0,
    "pct2ResTime" : 187.0,
    "pct3ResTime" : 187.0,
    "throughput" : 5.347593582887701,
    "receivedKBytesPerSec" : 25.213068181818183,
    "sentKBytesPerSec" : 1.634567179144385
  },
  "/asfsad-256" : {
    "transaction" : "/asfsad-256",
    "sampleCount" : 1,
    "errorCount" : 0,
    "errorPct" : 0.0,
    "meanResTime" : 91.0,
    "medianResTime" : 91.0,
    "minResTime" : 91.0,
    "maxResTime" : 91.0,
    "pct1ResTime" : 91.0,
    "pct2ResTime" : 91.0,
    "pct3ResTime" : 91.0,
    "throughput" : 10.989010989010989,
    "receivedKBytesPerSec" : 24.210164835164836,
    "sentKBytesPerSec" : 3.1872424450549453
  },
  "/-298" : {
    "transaction" : "/-298",
    "sampleCount" : 1,
    "errorCount" : 0,
    "errorPct" : 0.0,
    "meanResTime" : 157.0,
    "medianResTime" : 157.0,
    "minResTime" : 157.0,
    "maxResTime" : 157.0,
    "pct1ResTime" : 157.0,
    "pct2ResTime" : 157.0,
    "pct3ResTime" : 157.0,
    "throughput" : 6.369426751592357,
    "receivedKBytesPerSec" : 13.83359872611465,
    "sentKBytesPerSec" : 2.164609872611465
  },
  "/canonical.html-343" : {
    "transaction" : "/canonical.html-343",
    "sampleCount" : 1,
    "errorCount" : 0,
    "errorPct" : 0.0,
    "meanResTime" : 42.0,
    "medianResTime" : 42.0,
    "minResTime" : 42.0,
    "maxResTime" : 42.0,
    "pct1ResTime" : 42.0,
    "pct2ResTime" : 42.0,
    "pct3ResTime" : 42.0,
    "throughput" : 23.809523809523807,
    "receivedKBytesPerSec" : 6.928943452380952,
    "sentKBytesPerSec" : 7.045200892857142
  },
  "/assets/images/test1.jpg-321" : {
    "transaction" : "/assets/images/test1.jpg-321",
    "sampleCount" : 1,
    "errorCount" : 0,
    "errorPct" : 0.0,
    "meanResTime" : 157.0,
    "medianResTime" : 157.0,
    "minResTime" : 157.0,
    "maxResTime" : 157.0,
    "pct1ResTime" : 157.0,
    "pct2ResTime" : 157.0,
    "pct3ResTime" : 157.0,
    "throughput" : 6.369426751592357,
    "receivedKBytesPerSec" : 51.216660031847134,
    "sentKBytesPerSec" : 1.953125
  },
  "/assets/images/logg2.jpg-234" : {
    "transaction" : "/assets/images/logg2.jpg-234",
    "sampleCount" : 1,
    "errorCount" : 0,
    "errorPct" : 0.0,
    "meanResTime" : 1155.0,
    "medianResTime" : 1155.0,
    "minResTime" : 1155.0,
    "maxResTime" : 1155.0,
    "pct1ResTime" : 1155.0,
    "pct2ResTime" : 1155.0,
    "pct3ResTime" : 1155.0,
    "throughput" : 0.8658008658008658,
    "receivedKBytesPerSec" : 108.38068181818181,
    "sentKBytesPerSec" : 0.2654897186147186
  },
  "/api/cat-384" : {
    "transaction" : "/api/cat-384",
    "sampleCount" : 1,
    "errorCount" : 0,
    "errorPct" : 0.0,
    "meanResTime" : 187.0,
    "medianResTime" : 187.0,
    "minResTime" : 187.0,
    "maxResTime" : 187.0,
    "pct1ResTime" : 187.0,
    "pct2ResTime" : 187.0,
    "pct3ResTime" : 187.0,
    "throughput" : 5.347593582887701,
    "receivedKBytesPerSec" : 2.428350601604278,
    "sentKBytesPerSec" : 2.4857954545454546
  },
  "/api/cat-385" : {
    "transaction" : "/api/cat-385",
    "sampleCount" : 1,
    "errorCount" : 0,
    "errorPct" : 0.0,
    "meanResTime" : 228.0,
    "medianResTime" : 228.0,
    "minResTime" : 228.0,
    "maxResTime" : 228.0,
    "pct1ResTime" : 228.0,
    "pct2ResTime" : 228.0,
    "pct3ResTime" : 228.0,
    "throughput" : 4.385964912280701,
    "receivedKBytesPerSec" : 1.991673519736842,
    "sentKBytesPerSec" : 2.0387883771929824
  },
  "/api/cat-382" : {
    "transaction" : "/api/cat-382",
    "sampleCount" : 1,
    "errorCount" : 0,
    "errorPct" : 0.0,
    "meanResTime" : 158.0,
    "medianResTime" : 158.0,
    "minResTime" : 158.0,
    "maxResTime" : 158.0,
    "pct1ResTime" : 158.0,
    "pct2ResTime" : 158.0,
    "pct3ResTime" : 158.0,
    "throughput" : 6.329113924050633,
    "receivedKBytesPerSec" : 2.8740605221518987,
    "sentKBytesPerSec" : 2.911145174050633
  },
  "/api/cat-380" : {
    "transaction" : "/api/cat-380",
    "sampleCount" : 1,
    "errorCount" : 0,
    "errorPct" : 0.0,
    "meanResTime" : 156.0,
    "medianResTime" : 156.0,
    "minResTime" : 156.0,
    "maxResTime" : 156.0,
    "pct1ResTime" : 156.0,
    "pct2ResTime" : 156.0,
    "pct3ResTime" : 156.0,
    "throughput" : 6.41025641025641,
    "receivedKBytesPerSec" : 2.910907451923077,
    "sentKBytesPerSec" : 1.946864983974359
  },
  "/success.txt-273" : {
    "transaction" : "/success.txt-273",
    "sampleCount" : 1,
    "errorCount" : 0,
    "errorPct" : 0.0,
    "meanResTime" : 141.0,
    "medianResTime" : 141.0,
    "minResTime" : 141.0,
    "maxResTime" : 141.0,
    "pct1ResTime" : 141.0,
    "pct2ResTime" : 141.0,
    "pct3ResTime" : 141.0,
    "throughput" : 7.092198581560283,
    "receivedKBytesPerSec" : 1.4960106382978724,
    "sentKBytesPerSec" : 2.1124224290780145
  },
  "/success.txt-279" : {
    "transaction" : "/success.txt-279",
    "sampleCount" : 1,
    "errorCount" : 0,
    "errorPct" : 0.0,
    "meanResTime" : 50.0,
    "medianResTime" : 50.0,
    "minResTime" : 50.0,
    "maxResTime" : 50.0,
    "pct1ResTime" : 50.0,
    "pct2ResTime" : 50.0,
    "pct3ResTime" : 50.0,
    "throughput" : 20.0,
    "receivedKBytesPerSec" : 4.21875,
    "sentKBytesPerSec" : 5.95703125
  },
  "/zdfasdf-368" : {
    "transaction" : "/zdfasdf-368",
    "sampleCount" : 1,
    "errorCount" : 0,
    "errorPct" : 0.0,
    "meanResTime" : 75.0,
    "medianResTime" : 75.0,
    "minResTime" : 75.0,
    "maxResTime" : 75.0,
    "pct1ResTime" : 75.0,
    "pct2ResTime" : 75.0,
    "pct3ResTime" : 75.0,
    "throughput" : 13.333333333333334,
    "receivedKBytesPerSec" : 29.375,
    "sentKBytesPerSec" : 3.8802083333333335
  },
  "/cc-352" : {
    "transaction" : "/cc-352",
    "sampleCount" : 1,
    "errorCount" : 0,
    "errorPct" : 0.0,
    "meanResTime" : 107.0,
    "medianResTime" : 107.0,
    "minResTime" : 107.0,
    "maxResTime" : 107.0,
    "pct1ResTime" : 107.0,
    "pct2ResTime" : 107.0,
    "pct3ResTime" : 107.0,
    "throughput" : 9.345794392523365,
    "receivedKBytesPerSec" : 20.589953271028037,
    "sentKBytesPerSec" : 2.6741384345794392
  },
  "/api/cat-388" : {
    "transaction" : "/api/cat-388",
    "sampleCount" : 1,
    "errorCount" : 0,
    "errorPct" : 0.0,
    "meanResTime" : 162.0,
    "medianResTime" : 162.0,
    "minResTime" : 162.0,
    "maxResTime" : 162.0,
    "pct1ResTime" : 162.0,
    "pct2ResTime" : 162.0,
    "pct3ResTime" : 162.0,
    "throughput" : 6.172839506172839,
    "receivedKBytesPerSec" : 2.803096064814815,
    "sentKBytesPerSec" : 2.8392650462962963
  },
  "/api/cat-389" : {
    "transaction" : "/api/cat-389",
    "sampleCount" : 1,
    "errorCount" : 0,
    "errorPct" : 0.0,
    "meanResTime" : 164.0,
    "medianResTime" : 164.0,
    "minResTime" : 164.0,
    "maxResTime" : 164.0,
    "pct1ResTime" : 164.0,
    "pct2ResTime" : 164.0,
    "pct3ResTime" : 164.0,
    "throughput" : 6.097560975609756,
    "receivedKBytesPerSec" : 2.7689119664634143,
    "sentKBytesPerSec" : 2.8344131097560976
  },
  "/image6-252" : {
    "transaction" : "/image6-252",
    "sampleCount" : 1,
    "errorCount" : 0,
    "errorPct" : 0.0,
    "meanResTime" : 149.0,
    "medianResTime" : 149.0,
    "minResTime" : 149.0,
    "maxResTime" : 149.0,
    "pct1ResTime" : 149.0,
    "pct2ResTime" : 149.0,
    "pct3ResTime" : 149.0,
    "throughput" : 6.7114093959731544,
    "receivedKBytesPerSec" : 14.786073825503356,
    "sentKBytesPerSec" : 1.946570889261745
  },
  "/api/posts-391" : {
    "transaction" : "/api/posts-391",
    "sampleCount" : 1,
    "errorCount" : 0,
    "errorPct" : 0.0,
    "meanResTime" : 2162.0,
    "medianResTime" : 2162.0,
    "minResTime" : 2162.0,
    "maxResTime" : 2162.0,
    "pct1ResTime" : 2162.0,
    "pct2ResTime" : 2162.0,
    "pct3ResTime" : 2162.0,
    "throughput" : 0.46253469010175763,
    "receivedKBytesPerSec" : 290.05848534343204,
    "sentKBytesPerSec" : 0.21365127775208143
  },
  "/canonical.html-210" : {
    "transaction" : "/canonical.html-210",
    "sampleCount" : 1,
    "errorCount" : 0,
    "errorPct" : 0.0,
    "meanResTime" : 273.0,
    "medianResTime" : 273.0,
    "minResTime" : 273.0,
    "maxResTime" : 273.0,
    "pct1ResTime" : 273.0,
    "pct2ResTime" : 273.0,
    "pct3ResTime" : 273.0,
    "throughput" : 3.663003663003663,
    "receivedKBytesPerSec" : 1.0659913003663002,
    "sentKBytesPerSec" : 1.0838770604395604
  },
  "/assets/images/insta%20icon.png-309" : {
    "transaction" : "/assets/images/insta%20icon.png-309",
    "sampleCount" : 1,
    "errorCount" : 0,
    "errorPct" : 0.0,
    "meanResTime" : 1659.0,
    "medianResTime" : 1659.0,
    "minResTime" : 1659.0,
    "maxResTime" : 1659.0,
    "pct1ResTime" : 1659.0,
    "pct2ResTime" : 1659.0,
    "pct3ResTime" : 1659.0,
    "throughput" : 0.6027727546714888,
    "receivedKBytesPerSec" : 150.98397943037975,
    "sentKBytesPerSec" : 0.18895513110307413
  },
  "/image5-337" : {
    "transaction" : "/image5-337",
    "sampleCount" : 1,
    "errorCount" : 0,
    "errorPct" : 0.0,
    "meanResTime" : 94.0,
    "medianResTime" : 94.0,
    "minResTime" : 94.0,
    "maxResTime" : 94.0,
    "pct1ResTime" : 94.0,
    "pct2ResTime" : 94.0,
    "pct3ResTime" : 94.0,
    "throughput" : 10.638297872340425,
    "receivedKBytesPerSec" : 23.4375,
    "sentKBytesPerSec" : 3.0855219414893615
  },
  "/assets/images/tcl.jpg-235" : {
    "transaction" : "/assets/images/tcl.jpg-235",
    "sampleCount" : 1,
    "errorCount" : 0,
    "errorPct" : 0.0,
    "meanResTime" : 2048.0,
    "medianResTime" : 2048.0,
    "minResTime" : 2048.0,
    "maxResTime" : 2048.0,
    "pct1ResTime" : 2048.0,
    "pct2ResTime" : 2048.0,
    "pct3ResTime" : 2048.0,
    "throughput" : 0.48828125,
    "receivedKBytesPerSec" : 197.33762741088867,
    "sentKBytesPerSec" : 0.148773193359375
  },
  "/success.txt-280" : {
    "transaction" : "/success.txt-280",
    "sampleCount" : 1,
    "errorCount" : 0,
    "errorPct" : 0.0,
    "meanResTime" : 158.0,
    "medianResTime" : 158.0,
    "minResTime" : 158.0,
    "maxResTime" : 158.0,
    "pct1ResTime" : 158.0,
    "pct2ResTime" : 158.0,
    "pct3ResTime" : 158.0,
    "throughput" : 6.329113924050633,
    "receivedKBytesPerSec" : 1.3350474683544304,
    "sentKBytesPerSec" : 1.8851364715189873
  },
  "/assets/images/fbicon.png-223" : {
    "transaction" : "/assets/images/fbicon.png-223",
    "sampleCount" : 1,
    "errorCount" : 0,
    "errorPct" : 0.0,
    "meanResTime" : 135.0,
    "medianResTime" : 135.0,
    "minResTime" : 135.0,
    "maxResTime" : 135.0,
    "pct1ResTime" : 135.0,
    "pct2ResTime" : 135.0,
    "pct3ResTime" : 135.0,
    "throughput" : 7.407407407407407,
    "receivedKBytesPerSec" : 9.244791666666666,
    "sentKBytesPerSec" : 2.278645833333333
  },
  "/Nature-357" : {
    "transaction" : "/Nature-357",
    "sampleCount" : 1,
    "errorCount" : 0,
    "errorPct" : 0.0,
    "meanResTime" : 137.0,
    "medianResTime" : 137.0,
    "minResTime" : 137.0,
    "maxResTime" : 137.0,
    "pct1ResTime" : 137.0,
    "pct2ResTime" : 137.0,
    "pct3ResTime" : 137.0,
    "throughput" : 7.299270072992701,
    "receivedKBytesPerSec" : 16.081204379562042,
    "sentKBytesPerSec" : 2.1170734489051095
  },
  "/a4.9608dfaec5b1e9e8450e.jpg-218" : {
    "transaction" : "/a4.9608dfaec5b1e9e8450e.jpg-218",
    "sampleCount" : 1,
    "errorCount" : 0,
    "errorPct" : 0.0,
    "meanResTime" : 2787.0,
    "medianResTime" : 2787.0,
    "minResTime" : 2787.0,
    "maxResTime" : 2787.0,
    "pct1ResTime" : 2787.0,
    "pct2ResTime" : 2787.0,
    "pct3ResTime" : 2787.0,
    "throughput" : 0.3588087549336204,
    "receivedKBytesPerSec" : 288.97419940796556,
    "sentKBytesPerSec" : 0.11142693756727665
  },
  "/assets/images/test2.jpg-237" : {
    "transaction" : "/assets/images/test2.jpg-237",
    "sampleCount" : 1,
    "errorCount" : 0,
    "errorPct" : 0.0,
    "meanResTime" : 265.0,
    "medianResTime" : 265.0,
    "minResTime" : 265.0,
    "maxResTime" : 265.0,
    "pct1ResTime" : 265.0,
    "pct2ResTime" : 265.0,
    "pct3ResTime" : 265.0,
    "throughput" : 3.7735849056603774,
    "receivedKBytesPerSec" : 180.47243514150944,
    "sentKBytesPerSec" : 1.157134433962264
  },
  "/cc-268" : {
    "transaction" : "/cc-268",
    "sampleCount" : 1,
    "errorCount" : 0,
    "errorPct" : 0.0,
    "meanResTime" : 146.0,
    "medianResTime" : 146.0,
    "minResTime" : 146.0,
    "maxResTime" : 146.0,
    "pct1ResTime" : 146.0,
    "pct2ResTime" : 146.0,
    "pct3ResTime" : 146.0,
    "throughput" : 6.8493150684931505,
    "receivedKBytesPerSec" : 15.089897260273974,
    "sentKBytesPerSec" : 1.9598137842465755
  },
  "/success.txt-288" : {
    "transaction" : "/success.txt-288",
    "sampleCount" : 1,
    "errorCount" : 0,
    "errorPct" : 0.0,
    "meanResTime" : 59.0,
    "medianResTime" : 59.0,
    "minResTime" : 59.0,
    "maxResTime" : 59.0,
    "pct1ResTime" : 59.0,
    "pct2ResTime" : 59.0,
    "pct3ResTime" : 59.0,
    "throughput" : 16.949152542372882,
    "receivedKBytesPerSec" : 3.57521186440678,
    "sentKBytesPerSec" : 5.048331567796611
  },
  "/success.txt-289" : {
    "transaction" : "/success.txt-289",
    "sampleCount" : 1,
    "errorCount" : 0,
    "errorPct" : 0.0,
    "meanResTime" : 39.0,
    "medianResTime" : 39.0,
    "minResTime" : 39.0,
    "maxResTime" : 39.0,
    "pct1ResTime" : 39.0,
    "pct2ResTime" : 39.0,
    "pct3ResTime" : 39.0,
    "throughput" : 25.64102564102564,
    "receivedKBytesPerSec" : 5.408653846153846,
    "sentKBytesPerSec" : 7.637219551282051
  },
  "/dsad-340" : {
    "transaction" : "/dsad-340",
    "sampleCount" : 1,
    "errorCount" : 0,
    "errorPct" : 0.0,
    "meanResTime" : 68.0,
    "medianResTime" : 68.0,
    "minResTime" : 68.0,
    "maxResTime" : 68.0,
    "pct1ResTime" : 68.0,
    "pct2ResTime" : 68.0,
    "pct3ResTime" : 68.0,
    "throughput" : 14.705882352941176,
    "receivedKBytesPerSec" : 32.39889705882353,
    "sentKBytesPerSec" : 4.2365579044117645
  },
  "/assets/images/twiticon.jpg-224" : {
    "transaction" : "/assets/images/twiticon.jpg-224",
    "sampleCount" : 1,
    "errorCount" : 0,
    "errorPct" : 0.0,
    "meanResTime" : 200.0,
    "medianResTime" : 200.0,
    "minResTime" : 200.0,
    "maxResTime" : 200.0,
    "pct1ResTime" : 200.0,
    "pct2ResTime" : 200.0,
    "pct3ResTime" : 200.0,
    "throughput" : 5.0,
    "receivedKBytesPerSec" : 255.1318359375,
    "sentKBytesPerSec" : 1.5478515625
  },
  "/assets/images/mars.jpg-231" : {
    "transaction" : "/assets/images/mars.jpg-231",
    "sampleCount" : 1,
    "errorCount" : 0,
    "errorPct" : 0.0,
    "meanResTime" : 420.0,
    "medianResTime" : 420.0,
    "minResTime" : 420.0,
    "maxResTime" : 420.0,
    "pct1ResTime" : 420.0,
    "pct2ResTime" : 420.0,
    "pct3ResTime" : 420.0,
    "throughput" : 2.3809523809523814,
    "receivedKBytesPerSec" : 285.8072916666667,
    "sentKBytesPerSec" : 0.7277715773809524
  },
  "/image4-335" : {
    "transaction" : "/image4-335",
    "sampleCount" : 1,
    "errorCount" : 0,
    "errorPct" : 0.0,
    "meanResTime" : 94.0,
    "medianResTime" : 94.0,
    "minResTime" : 94.0,
    "maxResTime" : 94.0,
    "pct1ResTime" : 94.0,
    "pct2ResTime" : 94.0,
    "pct3ResTime" : 94.0,
    "throughput" : 10.638297872340425,
    "receivedKBytesPerSec" : 23.4375,
    "sentKBytesPerSec" : 3.0855219414893615
  },
  "/dsd-345" : {
    "transaction" : "/dsd-345",
    "sampleCount" : 1,
    "errorCount" : 0,
    "errorPct" : 0.0,
    "meanResTime" : 91.0,
    "medianResTime" : 91.0,
    "minResTime" : 91.0,
    "maxResTime" : 91.0,
    "pct1ResTime" : 91.0,
    "pct2ResTime" : 91.0,
    "pct3ResTime" : 91.0,
    "throughput" : 10.989010989010989,
    "receivedKBytesPerSec" : 24.210164835164836,
    "sentKBytesPerSec" : 3.155048076923077
  },
  "/shorts/TH370egHXAw-339" : {
    "transaction" : "/shorts/TH370egHXAw-339",
    "sampleCount" : 1,
    "errorCount" : 0,
    "errorPct" : 0.0,
    "meanResTime" : 101.0,
    "medianResTime" : 101.0,
    "minResTime" : 101.0,
    "maxResTime" : 101.0,
    "pct1ResTime" : 101.0,
    "pct2ResTime" : 101.0,
    "pct3ResTime" : 101.0,
    "throughput" : 9.900990099009901,
    "receivedKBytesPerSec" : 21.813118811881186,
    "sentKBytesPerSec" : 2.987701113861386
  },
  "/styles.d7c564766412e7b34207.css-302" : {
    "transaction" : "/styles.d7c564766412e7b34207.css-302",
    "sampleCount" : 1,
    "errorCount" : 0,
    "errorPct" : 0.0,
    "meanResTime" : 93.0,
    "medianResTime" : 93.0,
    "minResTime" : 93.0,
    "maxResTime" : 93.0,
    "pct1ResTime" : 93.0,
    "pct2ResTime" : 93.0,
    "pct3ResTime" : 93.0,
    "throughput" : 10.752688172043012,
    "receivedKBytesPerSec" : 45.97194220430107,
    "sentKBytesPerSec" : 3.307711693548387
  },
  "/success.txt-292" : {
    "transaction" : "/success.txt-292",
    "sampleCount" : 1,
    "errorCount" : 0,
    "errorPct" : 0.0,
    "meanResTime" : 86.0,
    "medianResTime" : 86.0,
    "minResTime" : 86.0,
    "maxResTime" : 86.0,
    "pct1ResTime" : 86.0,
    "pct2ResTime" : 86.0,
    "pct3ResTime" : 86.0,
    "throughput" : 11.627906976744185,
    "receivedKBytesPerSec" : 2.452761627906977,
    "sentKBytesPerSec" : 3.4633902616279073
  },
  "/success.txt-293" : {
    "transaction" : "/success.txt-293",
    "sampleCount" : 1,
    "errorCount" : 0,
    "errorPct" : 0.0,
    "meanResTime" : 56.0,
    "medianResTime" : 56.0,
    "minResTime" : 56.0,
    "maxResTime" : 56.0,
    "pct1ResTime" : 56.0,
    "pct2ResTime" : 56.0,
    "pct3ResTime" : 56.0,
    "throughput" : 17.857142857142858,
    "receivedKBytesPerSec" : 3.766741071428571,
    "sentKBytesPerSec" : 5.318777901785714
  },
  "/success.txt-296" : {
    "transaction" : "/success.txt-296",
    "sampleCount" : 1,
    "errorCount" : 0,
    "errorPct" : 0.0,
    "meanResTime" : 24.0,
    "medianResTime" : 24.0,
    "minResTime" : 24.0,
    "maxResTime" : 24.0,
    "pct1ResTime" : 24.0,
    "pct2ResTime" : 24.0,
    "pct3ResTime" : 24.0,
    "throughput" : 41.666666666666664,
    "receivedKBytesPerSec" : 8.7890625,
    "sentKBytesPerSec" : 12.410481770833334
  },
  "/success.txt-297" : {
    "transaction" : "/success.txt-297",
    "sampleCount" : 1,
    "errorCount" : 0,
    "errorPct" : 0.0,
    "meanResTime" : 73.0,
    "medianResTime" : 73.0,
    "minResTime" : 73.0,
    "maxResTime" : 73.0,
    "pct1ResTime" : 73.0,
    "pct2ResTime" : 73.0,
    "pct3ResTime" : 73.0,
    "throughput" : 13.698630136986301,
    "receivedKBytesPerSec" : 2.889554794520548,
    "sentKBytesPerSec" : 4.0801583904109595
  },
  "/fsdf-270" : {
    "transaction" : "/fsdf-270",
    "sampleCount" : 1,
    "errorCount" : 0,
    "errorPct" : 0.0,
    "meanResTime" : 125.0,
    "medianResTime" : 125.0,
    "minResTime" : 125.0,
    "maxResTime" : 125.0,
    "pct1ResTime" : 125.0,
    "pct2ResTime" : 125.0,
    "pct3ResTime" : 125.0,
    "throughput" : 8.0,
    "receivedKBytesPerSec" : 17.625,
    "sentKBytesPerSec" : 2.3046875
  },
  "/3$-247" : {
    "transaction" : "/3$-247",
    "sampleCount" : 1,
    "errorCount" : 0,
    "errorPct" : 0.0,
    "meanResTime" : 91.0,
    "medianResTime" : 91.0,
    "minResTime" : 91.0,
    "maxResTime" : 91.0,
    "pct1ResTime" : 91.0,
    "pct2ResTime" : 91.0,
    "pct3ResTime" : 91.0,
    "throughput" : 10.989010989010989,
    "receivedKBytesPerSec" : 24.210164835164836,
    "sentKBytesPerSec" : 3.144316620879121
  },
  "/ere-287" : {
    "transaction" : "/ere-287",
    "sampleCount" : 1,
    "errorCount" : 0,
    "errorPct" : 0.0,
    "meanResTime" : 78.0,
    "medianResTime" : 78.0,
    "minResTime" : 78.0,
    "maxResTime" : 78.0,
    "pct1ResTime" : 78.0,
    "pct2ResTime" : 78.0,
    "pct3ResTime" : 78.0,
    "throughput" : 12.82051282051282,
    "receivedKBytesPerSec" : 28.245192307692307,
    "sentKBytesPerSec" : 3.680889423076923
  },
  "/assets/images/intel.jpg-310" : {
    "transaction" : "/assets/images/intel.jpg-310",
    "sampleCount" : 1,
    "errorCount" : 0,
    "errorPct" : 0.0,
    "meanResTime" : 305.0,
    "medianResTime" : 305.0,
    "minResTime" : 305.0,
    "maxResTime" : 305.0,
    "pct1ResTime" : 305.0,
    "pct2ResTime" : 305.0,
    "pct3ResTime" : 305.0,
    "throughput" : 3.278688524590164,
    "receivedKBytesPerSec" : 223.80251024590166,
    "sentKBytesPerSec" : 1.0053790983606559
  },
  "/SDS-278" : {
    "transaction" : "/SDS-278",
    "sampleCount" : 1,
    "errorCount" : 0,
    "errorPct" : 0.0,
    "meanResTime" : 97.0,
    "medianResTime" : 97.0,
    "minResTime" : 97.0,
    "maxResTime" : 97.0,
    "pct1ResTime" : 97.0,
    "pct2ResTime" : 97.0,
    "pct3ResTime" : 97.0,
    "throughput" : 10.309278350515465,
    "receivedKBytesPerSec" : 22.71262886597938,
    "sentKBytesPerSec" : 2.959890463917526
  },
  "/Image2-334" : {
    "transaction" : "/Image2-334",
    "sampleCount" : 1,
    "errorCount" : 0,
    "errorPct" : 0.0,
    "meanResTime" : 74.0,
    "medianResTime" : 74.0,
    "minResTime" : 74.0,
    "maxResTime" : 74.0,
    "pct1ResTime" : 74.0,
    "pct2ResTime" : 74.0,
    "pct3ResTime" : 74.0,
    "throughput" : 13.513513513513514,
    "receivedKBytesPerSec" : 29.77195945945946,
    "sentKBytesPerSec" : 3.919446790540541
  },
  "/favicon.ico-379" : {
    "transaction" : "/favicon.ico-379",
    "sampleCount" : 1,
    "errorCount" : 0,
    "errorPct" : 0.0,
    "meanResTime" : 177.0,
    "medianResTime" : 177.0,
    "minResTime" : 177.0,
    "maxResTime" : 177.0,
    "pct1ResTime" : 177.0,
    "pct2ResTime" : 177.0,
    "pct3ResTime" : 177.0,
    "throughput" : 5.649717514124294,
    "receivedKBytesPerSec" : 6.951800847457627,
    "sentKBytesPerSec" : 1.6662252824858759
  },
  "/gfdfg-361" : {
    "transaction" : "/gfdfg-361",
    "sampleCount" : 1,
    "errorCount" : 0,
    "errorPct" : 0.0,
    "meanResTime" : 97.0,
    "medianResTime" : 97.0,
    "minResTime" : 97.0,
    "maxResTime" : 97.0,
    "pct1ResTime" : 97.0,
    "pct2ResTime" : 97.0,
    "pct3ResTime" : 97.0,
    "throughput" : 10.309278350515465,
    "receivedKBytesPerSec" : 22.71262886597938,
    "sentKBytesPerSec" : 2.980025773195876
  },
  "/assets/images/insta%20icon.png-226" : {
    "transaction" : "/assets/images/insta%20icon.png-226",
    "sampleCount" : 1,
    "errorCount" : 0,
    "errorPct" : 0.0,
    "meanResTime" : 809.0,
    "medianResTime" : 809.0,
    "minResTime" : 809.0,
    "maxResTime" : 809.0,
    "pct1ResTime" : 809.0,
    "pct2ResTime" : 809.0,
    "pct3ResTime" : 809.0,
    "throughput" : 1.2360939431396785,
    "receivedKBytesPerSec" : 309.6198045426452,
    "sentKBytesPerSec" : 0.3874864802224969
  },
  "/runtime.3964d7e09681994c64e2.js-301" : {
    "transaction" : "/runtime.3964d7e09681994c64e2.js-301",
    "sampleCount" : 1,
    "errorCount" : 0,
    "errorPct" : 0.0,
    "meanResTime" : 245.0,
    "medianResTime" : 245.0,
    "minResTime" : 245.0,
    "maxResTime" : 245.0,
    "pct1ResTime" : 245.0,
    "pct2ResTime" : 245.0,
    "pct3ResTime" : 245.0,
    "throughput" : 4.081632653061225,
    "receivedKBytesPerSec" : 5.572385204081633,
    "sentKBytesPerSec" : 1.1957908163265307
  },
  "/assets/images/test1.jpg-236" : {
    "transaction" : "/assets/images/test1.jpg-236",
    "sampleCount" : 1,
    "errorCount" : 0,
    "errorPct" : 0.0,
    "meanResTime" : 172.0,
    "medianResTime" : 172.0,
    "minResTime" : 172.0,
    "maxResTime" : 172.0,
    "pct1ResTime" : 172.0,
    "pct2ResTime" : 172.0,
    "pct3ResTime" : 172.0,
    "throughput" : 5.813953488372093,
    "receivedKBytesPerSec" : 46.75009084302326,
    "sentKBytesPerSec" : 1.782794331395349
  },
  "/image7-253" : {
    "transaction" : "/image7-253",
    "sampleCount" : 1,
    "errorCount" : 0,
    "errorPct" : 0.0,
    "meanResTime" : 74.0,
    "medianResTime" : 74.0,
    "minResTime" : 74.0,
    "maxResTime" : 74.0,
    "pct1ResTime" : 74.0,
    "pct2ResTime" : 74.0,
    "pct3ResTime" : 74.0,
    "throughput" : 13.513513513513514,
    "receivedKBytesPerSec" : 29.77195945945946,
    "sentKBytesPerSec" : 3.919446790540541
  },
  "/Fruits-274" : {
    "transaction" : "/Fruits-274",
    "sampleCount" : 1,
    "errorCount" : 0,
    "errorPct" : 0.0,
    "meanResTime" : 75.0,
    "medianResTime" : 75.0,
    "minResTime" : 75.0,
    "maxResTime" : 75.0,
    "pct1ResTime" : 75.0,
    "pct2ResTime" : 75.0,
    "pct3ResTime" : 75.0,
    "throughput" : 13.333333333333334,
    "receivedKBytesPerSec" : 29.375,
    "sentKBytesPerSec" : 3.8671875
  },
  "/Image2-242" : {
    "transaction" : "/Image2-242",
    "sampleCount" : 1,
    "errorCount" : 0,
    "errorPct" : 0.0,
    "meanResTime" : 77.0,
    "medianResTime" : 77.0,
    "minResTime" : 77.0,
    "maxResTime" : 77.0,
    "pct1ResTime" : 77.0,
    "pct2ResTime" : 77.0,
    "pct3ResTime" : 77.0,
    "throughput" : 12.987012987012989,
    "receivedKBytesPerSec" : 28.61201298701299,
    "sentKBytesPerSec" : 3.7667410714285716
  },
  "/canonical.html-269" : {
    "transaction" : "/canonical.html-269",
    "sampleCount" : 1,
    "errorCount" : 0,
    "errorPct" : 0.0,
    "meanResTime" : 24.0,
    "medianResTime" : 24.0,
    "minResTime" : 24.0,
    "maxResTime" : 24.0,
    "pct1ResTime" : 24.0,
    "pct2ResTime" : 24.0,
    "pct3ResTime" : 24.0,
    "throughput" : 41.666666666666664,
    "receivedKBytesPerSec" : 12.125651041666666,
    "sentKBytesPerSec" : 12.3291015625
  },
  "/assets/images/logg2.jpg-312" : {
    "transaction" : "/assets/images/logg2.jpg-312",
    "sampleCount" : 1,
    "errorCount" : 0,
    "errorPct" : 0.0,
    "meanResTime" : 419.0,
    "medianResTime" : 419.0,
    "minResTime" : 419.0,
    "maxResTime" : 419.0,
    "pct1ResTime" : 419.0,
    "pct2ResTime" : 419.0,
    "pct3ResTime" : 419.0,
    "throughput" : 2.3866348448687353,
    "receivedKBytesPerSec" : 298.7582040572793,
    "sentKBytesPerSec" : 0.731839200477327
  },
  "/assets/videos/bg2.mov-304" : {
    "transaction" : "/assets/videos/bg2.mov-304",
    "sampleCount" : 1,
    "errorCount" : 0,
    "errorPct" : 0.0,
    "meanResTime" : 67724.0,
    "medianResTime" : 67724.0,
    "minResTime" : 67724.0,
    "maxResTime" : 67724.0,
    "pct1ResTime" : 67724.0,
    "pct2ResTime" : 67724.0,
    "pct3ResTime" : 67724.0,
    "throughput" : 0.014765814186994271,
    "receivedKBytesPerSec" : 654.6416221538893,
    "sentKBytesPerSec" : 0.005465081618037919
  },
  "/dsad-258" : {
    "transaction" : "/dsad-258",
    "sampleCount" : 1,
    "errorCount" : 0,
    "errorPct" : 0.0,
    "meanResTime" : 101.0,
    "medianResTime" : 101.0,
    "minResTime" : 101.0,
    "maxResTime" : 101.0,
    "pct1ResTime" : 101.0,
    "pct2ResTime" : 101.0,
    "pct3ResTime" : 101.0,
    "throughput" : 9.900990099009901,
    "receivedKBytesPerSec" : 21.813118811881186,
    "sentKBytesPerSec" : 2.852336014851485
  },
  "/api/cat-229" : {
    "transaction" : "/api/cat-229",
    "sampleCount" : 1,
    "errorCount" : 0,
    "errorPct" : 0.0,
    "meanResTime" : 147.0,
    "medianResTime" : 147.0,
    "minResTime" : 147.0,
    "maxResTime" : 147.0,
    "pct1ResTime" : 147.0,
    "pct2ResTime" : 147.0,
    "pct3ResTime" : 147.0,
    "throughput" : 6.802721088435374,
    "receivedKBytesPerSec" : 3.0891262755102042,
    "sentKBytesPerSec" : 3.0891262755102042
  },
  "/image6-333" : {
    "transaction" : "/image6-333",
    "sampleCount" : 1,
    "errorCount" : 0,
    "errorPct" : 0.0,
    "meanResTime" : 80.0,
    "medianResTime" : 80.0,
    "minResTime" : 80.0,
    "maxResTime" : 80.0,
    "pct1ResTime" : 80.0,
    "pct2ResTime" : 80.0,
    "pct3ResTime" : 80.0,
    "throughput" : 12.5,
    "receivedKBytesPerSec" : 27.5390625,
    "sentKBytesPerSec" : 3.62548828125
  },
  "/%5D%5D%5D%5D%5D%5D%5D%5D%5D%5D%5D%5D-283" : {
    "transaction" : "/%5D%5D%5D%5D%5D%5D%5D%5D%5D%5D%5D%5D-283",
    "sampleCount" : 1,
    "errorCount" : 0,
    "errorPct" : 0.0,
    "meanResTime" : 168.0,
    "medianResTime" : 168.0,
    "minResTime" : 168.0,
    "maxResTime" : 168.0,
    "pct1ResTime" : 168.0,
    "pct2ResTime" : 168.0,
    "pct3ResTime" : 168.0,
    "throughput" : 5.952380952380952,
    "receivedKBytesPerSec" : 13.113839285714285,
    "sentKBytesPerSec" : 1.9008091517857142
  },
  "/1-245" : {
    "transaction" : "/1-245",
    "sampleCount" : 1,
    "errorCount" : 0,
    "errorPct" : 0.0,
    "meanResTime" : 94.0,
    "medianResTime" : 94.0,
    "minResTime" : 94.0,
    "maxResTime" : 94.0,
    "pct1ResTime" : 94.0,
    "pct2ResTime" : 94.0,
    "pct3ResTime" : 94.0,
    "throughput" : 10.638297872340425,
    "receivedKBytesPerSec" : 23.4375,
    "sentKBytesPerSec" : 3.0335771276595747
  },
  "/dsd-259" : {
    "transaction" : "/dsd-259",
    "sampleCount" : 1,
    "errorCount" : 0,
    "errorPct" : 0.0,
    "meanResTime" : 103.0,
    "medianResTime" : 103.0,
    "minResTime" : 103.0,
    "maxResTime" : 103.0,
    "pct1ResTime" : 103.0,
    "pct2ResTime" : 103.0,
    "pct3ResTime" : 103.0,
    "throughput" : 9.70873786407767,
    "receivedKBytesPerSec" : 21.389563106796118,
    "sentKBytesPerSec" : 2.787469660194175
  },
  "/canonical.html-376" : {
    "transaction" : "/canonical.html-376",
    "sampleCount" : 1,
    "errorCount" : 0,
    "errorPct" : 0.0,
    "meanResTime" : 45.0,
    "medianResTime" : 45.0,
    "minResTime" : 45.0,
    "maxResTime" : 45.0,
    "pct1ResTime" : 45.0,
    "pct2ResTime" : 45.0,
    "pct3ResTime" : 45.0,
    "throughput" : 22.22222222222222,
    "receivedKBytesPerSec" : 6.467013888888889,
    "sentKBytesPerSec" : 6.575520833333334
  },
  "/canonical.html-254" : {
    "transaction" : "/canonical.html-254",
    "sampleCount" : 1,
    "errorCount" : 0,
    "errorPct" : 0.0,
    "meanResTime" : 89.0,
    "medianResTime" : 89.0,
    "minResTime" : 89.0,
    "maxResTime" : 89.0,
    "pct1ResTime" : 89.0,
    "pct2ResTime" : 89.0,
    "pct3ResTime" : 89.0,
    "throughput" : 11.235955056179774,
    "receivedKBytesPerSec" : 3.2698384831460676,
    "sentKBytesPerSec" : 3.3247015449438204
  },
  "/asfsad-342" : {
    "transaction" : "/asfsad-342",
    "sampleCount" : 1,
    "errorCount" : 0,
    "errorPct" : 0.0,
    "meanResTime" : 114.0,
    "medianResTime" : 114.0,
    "minResTime" : 114.0,
    "maxResTime" : 114.0,
    "pct1ResTime" : 114.0,
    "pct2ResTime" : 114.0,
    "pct3ResTime" : 114.0,
    "throughput" : 8.771929824561402,
    "receivedKBytesPerSec" : 19.325657894736842,
    "sentKBytesPerSec" : 2.5442023026315788
  },
  "/assets/images/mars.jpg-314" : {
    "transaction" : "/assets/images/mars.jpg-314",
    "sampleCount" : 1,
    "errorCount" : 0,
    "errorPct" : 0.0,
    "meanResTime" : 1656.0,
    "medianResTime" : 1656.0,
    "minResTime" : 1656.0,
    "maxResTime" : 1656.0,
    "pct1ResTime" : 1656.0,
    "pct2ResTime" : 1656.0,
    "pct3ResTime" : 1656.0,
    "throughput" : 0.6038647342995169,
    "receivedKBytesPerSec" : 72.48735658212561,
    "sentKBytesPerSec" : 0.18457974788647344
  },
  "/favicon.ico-398" : {
    "transaction" : "/favicon.ico-398",
    "sampleCount" : 1,
    "errorCount" : 1,
    "errorPct" : 100.0,
    "meanResTime" : 166.0,
    "medianResTime" : 166.0,
    "minResTime" : 166.0,
    "maxResTime" : 166.0,
    "pct1ResTime" : 166.0,
    "pct2ResTime" : 166.0,
    "pct3ResTime" : 166.0,
    "throughput" : 6.024096385542169,
    "receivedKBytesPerSec" : 1.935476280120482,
    "sentKBytesPerSec" : 1.764871987951807
  },
  "/assets/images/test3.png-238" : {
    "transaction" : "/assets/images/test3.png-238",
    "sampleCount" : 1,
    "errorCount" : 0,
    "errorPct" : 0.0,
    "meanResTime" : 229.0,
    "medianResTime" : 229.0,
    "minResTime" : 229.0,
    "maxResTime" : 229.0,
    "pct1ResTime" : 229.0,
    "pct2ResTime" : 229.0,
    "pct3ResTime" : 229.0,
    "throughput" : 4.366812227074235,
    "receivedKBytesPerSec" : 214.79684088427948,
    "sentKBytesPerSec" : 1.3390420305676856
  },
  "/sfsfs-262" : {
    "transaction" : "/sfsfs-262",
    "sampleCount" : 1,
    "errorCount" : 0,
    "errorPct" : 0.0,
    "meanResTime" : 74.0,
    "medianResTime" : 74.0,
    "minResTime" : 74.0,
    "maxResTime" : 74.0,
    "pct1ResTime" : 74.0,
    "pct2ResTime" : 74.0,
    "pct3ResTime" : 74.0,
    "throughput" : 13.513513513513514,
    "receivedKBytesPerSec" : 29.77195945945946,
    "sentKBytesPerSec" : 3.90625
  },
  "/api/cat-318" : {
    "transaction" : "/api/cat-318",
    "sampleCount" : 1,
    "errorCount" : 0,
    "errorPct" : 0.0,
    "meanResTime" : 98.0,
    "medianResTime" : 98.0,
    "minResTime" : 98.0,
    "maxResTime" : 98.0,
    "pct1ResTime" : 98.0,
    "pct2ResTime" : 98.0,
    "pct3ResTime" : 98.0,
    "throughput" : 10.204081632653061,
    "receivedKBytesPerSec" : 4.633689413265306,
    "sentKBytesPerSec" : 3.049266581632653
  },
  "/api/posts-383" : {
    "transaction" : "/api/posts-383",
    "sampleCount" : 1,
    "errorCount" : 0,
    "errorPct" : 0.0,
    "meanResTime" : 4782.0,
    "medianResTime" : 4782.0,
    "minResTime" : 4782.0,
    "maxResTime" : 4782.0,
    "pct1ResTime" : 4782.0,
    "pct2ResTime" : 4782.0,
    "pct3ResTime" : 4782.0,
    "throughput" : 0.20911752404851525,
    "receivedKBytesPerSec" : 131.13894715861565,
    "sentKBytesPerSec" : 0.09659432507319113
  },
  "/assets/images/fbicon.png-308" : {
    "transaction" : "/assets/images/fbicon.png-308",
    "sampleCount" : 1,
    "errorCount" : 0,
    "errorPct" : 0.0,
    "meanResTime" : 100.0,
    "medianResTime" : 100.0,
    "minResTime" : 100.0,
    "maxResTime" : 100.0,
    "pct1ResTime" : 100.0,
    "pct2ResTime" : 100.0,
    "pct3ResTime" : 100.0,
    "throughput" : 10.0,
    "receivedKBytesPerSec" : 12.48046875,
    "sentKBytesPerSec" : 3.076171875
  },
  "/success.txt-400" : {
    "transaction" : "/success.txt-400",
    "sampleCount" : 1,
    "errorCount" : 0,
    "errorPct" : 0.0,
    "meanResTime" : 87.0,
    "medianResTime" : 87.0,
    "minResTime" : 87.0,
    "maxResTime" : 87.0,
    "pct1ResTime" : 87.0,
    "pct2ResTime" : 87.0,
    "pct3ResTime" : 87.0,
    "throughput" : 11.494252873563218,
    "receivedKBytesPerSec" : 2.4245689655172415,
    "sentKBytesPerSec" : 3.42358117816092
  },
  "/api/posts-387" : {
    "transaction" : "/api/posts-387",
    "sampleCount" : 1,
    "errorCount" : 0,
    "errorPct" : 0.0,
    "meanResTime" : 2802.0,
    "medianResTime" : 2802.0,
    "minResTime" : 2802.0,
    "maxResTime" : 2802.0,
    "pct1ResTime" : 2802.0,
    "pct2ResTime" : 2802.0,
    "pct3ResTime" : 2802.0,
    "throughput" : 0.35688793718772305,
    "receivedKBytesPerSec" : 223.80672566470378,
    "sentKBytesPerSec" : 0.164851556923626
  },
  "/success.txt-401" : {
    "transaction" : "/success.txt-401",
    "sampleCount" : 1,
    "errorCount" : 0,
    "errorPct" : 0.0,
    "meanResTime" : 25.0,
    "medianResTime" : 25.0,
    "minResTime" : 25.0,
    "maxResTime" : 25.0,
    "pct1ResTime" : 25.0,
    "pct2ResTime" : 25.0,
    "pct3ResTime" : 25.0,
    "throughput" : 40.0,
    "receivedKBytesPerSec" : 8.4375,
    "sentKBytesPerSec" : 11.9140625
  },
  "/asA-325" : {
    "transaction" : "/asA-325",
    "sampleCount" : 1,
    "errorCount" : 0,
    "errorPct" : 0.0,
    "meanResTime" : 147.0,
    "medianResTime" : 147.0,
    "minResTime" : 147.0,
    "maxResTime" : 147.0,
    "pct1ResTime" : 147.0,
    "pct2ResTime" : 147.0,
    "pct3ResTime" : 147.0,
    "throughput" : 6.802721088435374,
    "receivedKBytesPerSec" : 14.987244897959185,
    "sentKBytesPerSec" : 1.953125
  },
  "/canonical.html-360" : {
    "transaction" : "/canonical.html-360",
    "sampleCount" : 1,
    "errorCount" : 0,
    "errorPct" : 0.0,
    "meanResTime" : 173.0,
    "medianResTime" : 173.0,
    "minResTime" : 173.0,
    "maxResTime" : 173.0,
    "pct1ResTime" : 173.0,
    "pct2ResTime" : 173.0,
    "pct3ResTime" : 173.0,
    "throughput" : 5.780346820809248,
    "receivedKBytesPerSec" : 1.6821712427745665,
    "sentKBytesPerSec" : 1.7103955924855492
  },
  "/api/login-381" : {
    "transaction" : "/api/login-381",
    "sampleCount" : 1,
    "errorCount" : 0,
    "errorPct" : 0.0,
    "meanResTime" : 172.0,
    "medianResTime" : 172.0,
    "minResTime" : 172.0,
    "maxResTime" : 172.0,
    "pct1ResTime" : 172.0,
    "pct2ResTime" : 172.0,
    "pct3ResTime" : 172.0,
    "throughput" : 5.813953488372093,
    "receivedKBytesPerSec" : 2.5606377180232562,
    "sentKBytesPerSec" : 2.554960029069768
  },
  "/-397" : {
    "transaction" : "/-397",
    "sampleCount" : 1,
    "errorCount" : 0,
    "errorPct" : 0.0,
    "meanResTime" : 149.0,
    "medianResTime" : 149.0,
    "minResTime" : 149.0,
    "maxResTime" : 149.0,
    "pct1ResTime" : 149.0,
    "pct2ResTime" : 149.0,
    "pct3ResTime" : 149.0,
    "throughput" : 6.7114093959731544,
    "receivedKBytesPerSec" : 4.371591862416108,
    "sentKBytesPerSec" : 2.2742764261744965
  },
  "/canonical.html-367" : {
    "transaction" : "/canonical.html-367",
    "sampleCount" : 1,
    "errorCount" : 0,
    "errorPct" : 0.0,
    "meanResTime" : 124.0,
    "medianResTime" : 124.0,
    "minResTime" : 124.0,
    "maxResTime" : 124.0,
    "pct1ResTime" : 124.0,
    "pct2ResTime" : 124.0,
    "pct3ResTime" : 124.0,
    "throughput" : 8.064516129032258,
    "receivedKBytesPerSec" : 2.346900201612903,
    "sentKBytesPerSec" : 2.3862777217741935
  },
  "/SDS-364" : {
    "transaction" : "/SDS-364",
    "sampleCount" : 1,
    "errorCount" : 0,
    "errorPct" : 0.0,
    "meanResTime" : 82.0,
    "medianResTime" : 82.0,
    "minResTime" : 82.0,
    "maxResTime" : 82.0,
    "pct1ResTime" : 82.0,
    "pct2ResTime" : 82.0,
    "pct3ResTime" : 82.0,
    "throughput" : 12.195121951219512,
    "receivedKBytesPerSec" : 26.867378048780488,
    "sentKBytesPerSec" : 3.5013338414634143
  },
  "/j-346" : {
    "transaction" : "/j-346",
    "sampleCount" : 1,
    "errorCount" : 0,
    "errorPct" : 0.0,
    "meanResTime" : 83.0,
    "medianResTime" : 83.0,
    "minResTime" : 83.0,
    "maxResTime" : 83.0,
    "pct1ResTime" : 83.0,
    "pct2ResTime" : 83.0,
    "pct3ResTime" : 83.0,
    "throughput" : 12.048192771084338,
    "receivedKBytesPerSec" : 26.54367469879518,
    "sentKBytesPerSec" : 3.435617469879518
  },
  "/aaaa-372" : {
    "transaction" : "/aaaa-372",
    "sampleCount" : 1,
    "errorCount" : 0,
    "errorPct" : 0.0,
    "meanResTime" : 110.0,
    "medianResTime" : 110.0,
    "minResTime" : 110.0,
    "maxResTime" : 110.0,
    "pct1ResTime" : 110.0,
    "pct2ResTime" : 110.0,
    "pct3ResTime" : 110.0,
    "throughput" : 9.09090909090909,
    "receivedKBytesPerSec" : 20.02840909090909,
    "sentKBytesPerSec" : 2.6189630681818183
  },
  "/main.ce553f8eeaee4406e313.js-300" : {
    "transaction" : "/main.ce553f8eeaee4406e313.js-300",
    "sampleCount" : 1,
    "errorCount" : 0,
    "errorPct" : 0.0,
    "meanResTime" : 1485.0,
    "medianResTime" : 1485.0,
    "minResTime" : 1485.0,
    "maxResTime" : 1485.0,
    "pct1ResTime" : 1485.0,
    "pct2ResTime" : 1485.0,
    "pct3ResTime" : 1485.0,
    "throughput" : 0.6734006734006734,
    "receivedKBytesPerSec" : 328.1125052609427,
    "sentKBytesPerSec" : 0.1953125
  },
  "/AAAA-272" : {
    "transaction" : "/AAAA-272",
    "sampleCount" : 1,
    "errorCount" : 0,
    "errorPct" : 0.0,
    "meanResTime" : 124.0,
    "medianResTime" : 124.0,
    "minResTime" : 124.0,
    "maxResTime" : 124.0,
    "pct1ResTime" : 124.0,
    "pct2ResTime" : 124.0,
    "pct3ResTime" : 124.0,
    "throughput" : 8.064516129032258,
    "receivedKBytesPerSec" : 17.767137096774192,
    "sentKBytesPerSec" : 2.323273689516129
  },
  "/assets/images/test2.jpg-324" : {
    "transaction" : "/assets/images/test2.jpg-324",
    "sampleCount" : 1,
    "errorCount" : 0,
    "errorPct" : 0.0,
    "meanResTime" : 258.0,
    "medianResTime" : 258.0,
    "minResTime" : 258.0,
    "maxResTime" : 258.0,
    "pct1ResTime" : 258.0,
    "pct2ResTime" : 258.0,
    "pct3ResTime" : 258.0,
    "throughput" : 3.875968992248062,
    "receivedKBytesPerSec" : 185.36897407945736,
    "sentKBytesPerSec" : 1.1885295542635659
  },
  "/image4-249" : {
    "transaction" : "/image4-249",
    "sampleCount" : 1,
    "errorCount" : 0,
    "errorPct" : 0.0,
    "meanResTime" : 72.0,
    "medianResTime" : 72.0,
    "minResTime" : 72.0,
    "maxResTime" : 72.0,
    "pct1ResTime" : 72.0,
    "pct2ResTime" : 72.0,
    "pct3ResTime" : 72.0,
    "throughput" : 13.888888888888888,
    "receivedKBytesPerSec" : 30.598958333333336,
    "sentKBytesPerSec" : 4.0283203125
  },
  "/success.txt-403" : {
    "transaction" : "/success.txt-403",
    "sampleCount" : 1,
    "errorCount" : 0,
    "errorPct" : 0.0,
    "meanResTime" : 86.0,
    "medianResTime" : 86.0,
    "minResTime" : 86.0,
    "maxResTime" : 86.0,
    "pct1ResTime" : 86.0,
    "pct2ResTime" : 86.0,
    "pct3ResTime" : 86.0,
    "throughput" : 11.627906976744185,
    "receivedKBytesPerSec" : 2.452761627906977,
    "sentKBytesPerSec" : 3.4633902616279073
  },
  "/success.txt-404" : {
    "transaction" : "/success.txt-404",
    "sampleCount" : 1,
    "errorCount" : 0,
    "errorPct" : 0.0,
    "meanResTime" : 23.0,
    "medianResTime" : 23.0,
    "minResTime" : 23.0,
    "maxResTime" : 23.0,
    "pct1ResTime" : 23.0,
    "pct2ResTime" : 23.0,
    "pct3ResTime" : 23.0,
    "throughput" : 43.47826086956522,
    "receivedKBytesPerSec" : 9.171195652173914,
    "sentKBytesPerSec" : 12.95006793478261
  },
  "/assets/images/intel.jpg-232" : {
    "transaction" : "/assets/images/intel.jpg-232",
    "sampleCount" : 1,
    "errorCount" : 0,
    "errorPct" : 0.0,
    "meanResTime" : 394.0,
    "medianResTime" : 394.0,
    "minResTime" : 394.0,
    "maxResTime" : 394.0,
    "pct1ResTime" : 394.0,
    "pct2ResTime" : 394.0,
    "pct3ResTime" : 394.0,
    "throughput" : 2.5380710659898473,
    "receivedKBytesPerSec" : 173.2481361040609,
    "sentKBytesPerSec" : 0.7782756979695431
  },
  "/polyfills.4e96ffa8230f7e2e95e1.js-299" : {
    "transaction" : "/polyfills.4e96ffa8230f7e2e95e1.js-299",
    "sampleCount" : 1,
    "errorCount" : 0,
    "errorPct" : 0.0,
    "meanResTime" : 304.0,
    "medianResTime" : 304.0,
    "minResTime" : 304.0,
    "maxResTime" : 304.0,
    "pct1ResTime" : 304.0,
    "pct2ResTime" : 304.0,
    "pct3ResTime" : 304.0,
    "throughput" : 3.289473684210526,
    "receivedKBytesPerSec" : 120.15573601973685,
    "sentKBytesPerSec" : 0.9701377467105263
  },
  "/HMT%20Photo-349" : {
    "transaction" : "/HMT%20Photo-349",
    "sampleCount" : 1,
    "errorCount" : 0,
    "errorPct" : 0.0,
    "meanResTime" : 71.0,
    "medianResTime" : 71.0,
    "minResTime" : 71.0,
    "maxResTime" : 71.0,
    "pct1ResTime" : 71.0,
    "pct2ResTime" : 71.0,
    "pct3ResTime" : 71.0,
    "throughput" : 14.084507042253522,
    "receivedKBytesPerSec" : 31.02992957746479,
    "sentKBytesPerSec" : 4.153829225352113
  },
  "/-263" : {
    "transaction" : "/-263",
    "sampleCount" : 1,
    "errorCount" : 0,
    "errorPct" : 0.0,
    "meanResTime" : 247.0,
    "medianResTime" : 247.0,
    "minResTime" : 247.0,
    "maxResTime" : 247.0,
    "pct1ResTime" : 247.0,
    "pct2ResTime" : 247.0,
    "pct3ResTime" : 247.0,
    "throughput" : 4.048582995951417,
    "receivedKBytesPerSec" : 8.793016194331983,
    "sentKBytesPerSec" : 1.1505250506072875
  },
  "/main.ce553f8eeaee4406e313.js-215" : {
    "transaction" : "/main.ce553f8eeaee4406e313.js-215",
    "sampleCount" : 1,
    "errorCount" : 0,
    "errorPct" : 0.0,
    "meanResTime" : 1743.0,
    "medianResTime" : 1743.0,
    "minResTime" : 1743.0,
    "maxResTime" : 1743.0,
    "pct1ResTime" : 1743.0,
    "pct2ResTime" : 1743.0,
    "pct3ResTime" : 1743.0,
    "throughput" : 0.5737234652897303,
    "receivedKBytesPerSec" : 279.54507763195636,
    "sentKBytesPerSec" : 0.16640221600688468
  },
  "/cxxx-348" : {
    "transaction" : "/cxxx-348",
    "sampleCount" : 1,
    "errorCount" : 0,
    "errorPct" : 0.0,
    "meanResTime" : 146.0,
    "medianResTime" : 146.0,
    "minResTime" : 146.0,
    "maxResTime" : 146.0,
    "pct1ResTime" : 146.0,
    "pct2ResTime" : 146.0,
    "pct3ResTime" : 146.0,
    "throughput" : 6.8493150684931505,
    "receivedKBytesPerSec" : 15.089897260273974,
    "sentKBytesPerSec" : 1.9731913527397262
  },
  "/sdfsfsdfsf-355" : {
    "transaction" : "/sdfsfsdfsf-355",
    "sampleCount" : 1,
    "errorCount" : 0,
    "errorPct" : 0.0,
    "meanResTime" : 78.0,
    "medianResTime" : 78.0,
    "minResTime" : 78.0,
    "maxResTime" : 78.0,
    "pct1ResTime" : 78.0,
    "pct2ResTime" : 78.0,
    "pct3ResTime" : 78.0,
    "throughput" : 12.82051282051282,
    "receivedKBytesPerSec" : 28.245192307692307,
    "sentKBytesPerSec" : 3.7685296474358974
  },
  "/assets/images/linkicon.png-225" : {
    "transaction" : "/assets/images/linkicon.png-225",
    "sampleCount" : 1,
    "errorCount" : 0,
    "errorPct" : 0.0,
    "meanResTime" : 91.0,
    "medianResTime" : 91.0,
    "minResTime" : 91.0,
    "maxResTime" : 91.0,
    "pct1ResTime" : 91.0,
    "pct2ResTime" : 91.0,
    "pct3ResTime" : 91.0,
    "throughput" : 10.989010989010989,
    "receivedKBytesPerSec" : 65.82675137362638,
    "sentKBytesPerSec" : 3.401871565934066
  },
  "/saeg-363" : {
    "transaction" : "/saeg-363",
    "sampleCount" : 1,
    "errorCount" : 0,
    "errorPct" : 0.0,
    "meanResTime" : 148.0,
    "medianResTime" : 148.0,
    "minResTime" : 148.0,
    "maxResTime" : 148.0,
    "pct1ResTime" : 148.0,
    "pct2ResTime" : 148.0,
    "pct3ResTime" : 148.0,
    "throughput" : 6.756756756756757,
    "receivedKBytesPerSec" : 14.88597972972973,
    "sentKBytesPerSec" : 1.9465266047297298
  },
  "/assets/images/user.png-323" : {
    "transaction" : "/assets/images/user.png-323",
    "sampleCount" : 1,
    "errorCount" : 0,
    "errorPct" : 0.0,
    "meanResTime" : 140.0,
    "medianResTime" : 140.0,
    "minResTime" : 140.0,
    "maxResTime" : 140.0,
    "pct1ResTime" : 140.0,
    "pct2ResTime" : 140.0,
    "pct3ResTime" : 140.0,
    "throughput" : 7.142857142857142,
    "receivedKBytesPerSec" : 33.677455357142854,
    "sentKBytesPerSec" : 2.1833147321428568
  },
  "/hy-328" : {
    "transaction" : "/hy-328",
    "sampleCount" : 1,
    "errorCount" : 0,
    "errorPct" : 0.0,
    "meanResTime" : 85.0,
    "medianResTime" : 85.0,
    "minResTime" : 85.0,
    "maxResTime" : 85.0,
    "pct1ResTime" : 85.0,
    "pct2ResTime" : 85.0,
    "pct3ResTime" : 85.0,
    "throughput" : 11.76470588235294,
    "receivedKBytesPerSec" : 25.919117647058822,
    "sentKBytesPerSec" : 3.366268382352941
  },
  "/assets/videos/bg2.mov-220" : {
    "transaction" : "/assets/videos/bg2.mov-220",
    "sampleCount" : 1,
    "errorCount" : 0,
    "errorPct" : 0.0,
    "meanResTime" : 91238.0,
    "medianResTime" : 91238.0,
    "minResTime" : 91238.0,
    "maxResTime" : 91238.0,
    "pct1ResTime" : 91238.0,
    "pct2ResTime" : 91238.0,
    "pct3ResTime" : 91238.0,
    "throughput" : 0.010960345470089217,
    "receivedKBytesPerSec" : 485.92635983636205,
    "sentKBytesPerSec" : 0.004056612239417786
  },
  "/-213" : {
    "transaction" : "/-213",
    "sampleCount" : 1,
    "errorCount" : 0,
    "errorPct" : 0.0,
    "meanResTime" : 225.0,
    "medianResTime" : 225.0,
    "minResTime" : 225.0,
    "maxResTime" : 225.0,
    "pct1ResTime" : 225.0,
    "pct2ResTime" : 225.0,
    "pct3ResTime" : 225.0,
    "throughput" : 4.444444444444445,
    "receivedKBytesPerSec" : 9.652777777777777,
    "sentKBytesPerSec" : 1.5104166666666665
  },
  "/image7-338" : {
    "transaction" : "/image7-338",
    "sampleCount" : 1,
    "errorCount" : 0,
    "errorPct" : 0.0,
    "meanResTime" : 533.0,
    "medianResTime" : 533.0,
    "minResTime" : 533.0,
    "maxResTime" : 533.0,
    "pct1ResTime" : 533.0,
    "pct2ResTime" : 533.0,
    "pct3ResTime" : 533.0,
    "throughput" : 1.876172607879925,
    "receivedKBytesPerSec" : 4.13344277673546,
    "sentKBytesPerSec" : 0.5441633442776735
  },
  "/gfdfg-275" : {
    "transaction" : "/gfdfg-275",
    "sampleCount" : 1,
    "errorCount" : 0,
    "errorPct" : 0.0,
    "meanResTime" : 721.0,
    "medianResTime" : 721.0,
    "minResTime" : 721.0,
    "maxResTime" : 721.0,
    "pct1ResTime" : 721.0,
    "pct2ResTime" : 721.0,
    "pct3ResTime" : 721.0,
    "throughput" : 1.3869625520110958,
    "receivedKBytesPerSec" : 3.0556518723994452,
    "sentKBytesPerSec" : 0.40091886269070737
  },
  "/api/posts-317" : {
    "transaction" : "/api/posts-317",
    "sampleCount" : 1,
    "errorCount" : 0,
    "errorPct" : 0.0,
    "meanResTime" : 5186.0,
    "medianResTime" : 5186.0,
    "minResTime" : 5186.0,
    "maxResTime" : 5186.0,
    "pct1ResTime" : 5186.0,
    "pct2ResTime" : 5186.0,
    "pct3ResTime" : 5186.0,
    "throughput" : 0.19282684149633628,
    "receivedKBytesPerSec" : 120.92295513160433,
    "sentKBytesPerSec" : 0.057998698418819904
  },
  "/j-260" : {
    "transaction" : "/j-260",
    "sampleCount" : 1,
    "errorCount" : 0,
    "errorPct" : 0.0,
    "meanResTime" : 92.0,
    "medianResTime" : 92.0,
    "minResTime" : 92.0,
    "maxResTime" : 92.0,
    "pct1ResTime" : 92.0,
    "pct2ResTime" : 92.0,
    "pct3ResTime" : 92.0,
    "throughput" : 10.869565217391305,
    "receivedKBytesPerSec" : 23.94701086956522,
    "sentKBytesPerSec" : 3.0995244565217392
  },
  "/h5.c2b6bb58b82d5b774bdd.jpg-319" : {
    "transaction" : "/h5.c2b6bb58b82d5b774bdd.jpg-319",
    "sampleCount" : 1,
    "errorCount" : 0,
    "errorPct" : 0.0,
    "meanResTime" : 1245.0,
    "medianResTime" : 1245.0,
    "minResTime" : 1245.0,
    "maxResTime" : 1245.0,
    "pct1ResTime" : 1245.0,
    "pct2ResTime" : 1245.0,
    "pct3ResTime" : 1245.0,
    "throughput" : 0.8032128514056225,
    "receivedKBytesPerSec" : 135.85357053212851,
    "sentKBytesPerSec" : 0.2494352409638554
  },
  "/canonical.html-291" : {
    "transaction" : "/canonical.html-291",
    "sampleCount" : 1,
    "errorCount" : 0,
    "errorPct" : 0.0,
    "meanResTime" : 23.0,
    "medianResTime" : 23.0,
    "minResTime" : 23.0,
    "maxResTime" : 23.0,
    "pct1ResTime" : 23.0,
    "pct2ResTime" : 23.0,
    "pct3ResTime" : 23.0,
    "throughput" : 43.47826086956522,
    "receivedKBytesPerSec" : 12.652853260869566,
    "sentKBytesPerSec" : 12.86514945652174
  },
  "/success.txt-306" : {
    "transaction" : "/success.txt-306",
    "sampleCount" : 1,
    "errorCount" : 0,
    "errorPct" : 0.0,
    "meanResTime" : 26.0,
    "medianResTime" : 26.0,
    "minResTime" : 26.0,
    "maxResTime" : 26.0,
    "pct1ResTime" : 26.0,
    "pct2ResTime" : 26.0,
    "pct3ResTime" : 26.0,
    "throughput" : 38.46153846153847,
    "receivedKBytesPerSec" : 8.11298076923077,
    "sentKBytesPerSec" : 11.455829326923077
  },
  "/success.txt-307" : {
    "transaction" : "/success.txt-307",
    "sampleCount" : 1,
    "errorCount" : 0,
    "errorPct" : 0.0,
    "meanResTime" : 78.0,
    "medianResTime" : 78.0,
    "minResTime" : 78.0,
    "maxResTime" : 78.0,
    "pct1ResTime" : 78.0,
    "pct2ResTime" : 78.0,
    "pct3ResTime" : 78.0,
    "throughput" : 12.82051282051282,
    "receivedKBytesPerSec" : 2.704326923076923,
    "sentKBytesPerSec" : 3.8186097756410255
  },
  "/canonical.html-295" : {
    "transaction" : "/canonical.html-295",
    "sampleCount" : 1,
    "errorCount" : 0,
    "errorPct" : 0.0,
    "meanResTime" : 24.0,
    "medianResTime" : 24.0,
    "minResTime" : 24.0,
    "maxResTime" : 24.0,
    "pct1ResTime" : 24.0,
    "pct2ResTime" : 24.0,
    "pct3ResTime" : 24.0,
    "throughput" : 41.666666666666664,
    "receivedKBytesPerSec" : 12.125651041666666,
    "sentKBytesPerSec" : 12.3291015625
  },
  "/1-326" : {
    "transaction" : "/1-326",
    "sampleCount" : 1,
    "errorCount" : 0,
    "errorPct" : 0.0,
    "meanResTime" : 145.0,
    "medianResTime" : 145.0,
    "minResTime" : 145.0,
    "maxResTime" : 145.0,
    "pct1ResTime" : 145.0,
    "pct2ResTime" : 145.0,
    "pct3ResTime" : 145.0,
    "throughput" : 6.896551724137931,
    "receivedKBytesPerSec" : 15.160290948275863,
    "sentKBytesPerSec" : 1.966594827586207
  },
  "/%5D%5D%5D%5D%5D%5D%5D%5D%5D%5D%5D%5D-369" : {
    "transaction" : "/%5D%5D%5D%5D%5D%5D%5D%5D%5D%5D%5D%5D-369",
    "sampleCount" : 1,
    "errorCount" : 0,
    "errorPct" : 0.0,
    "meanResTime" : 121.0,
    "medianResTime" : 121.0,
    "minResTime" : 121.0,
    "maxResTime" : 121.0,
    "pct1ResTime" : 121.0,
    "pct2ResTime" : 121.0,
    "pct3ResTime" : 121.0,
    "throughput" : 8.264462809917356,
    "receivedKBytesPerSec" : 18.207644628099175,
    "sentKBytesPerSec" : 2.639139979338843
  },
  "/dsfad-351" : {
    "transaction" : "/dsfad-351",
    "sampleCount" : 1,
    "errorCount" : 0,
    "errorPct" : 0.0,
    "meanResTime" : 72.0,
    "medianResTime" : 72.0,
    "minResTime" : 72.0,
    "maxResTime" : 72.0,
    "pct1ResTime" : 72.0,
    "pct2ResTime" : 72.0,
    "pct3ResTime" : 72.0,
    "throughput" : 13.888888888888888,
    "receivedKBytesPerSec" : 30.598958333333336,
    "sentKBytesPerSec" : 4.014756944444445
  },
  "/api/posts-228" : {
    "transaction" : "/api/posts-228",
    "sampleCount" : 1,
    "errorCount" : 0,
    "errorPct" : 0.0,
    "meanResTime" : 3771.0,
    "medianResTime" : 3771.0,
    "minResTime" : 3771.0,
    "maxResTime" : 3771.0,
    "pct1ResTime" : 3771.0,
    "pct2ResTime" : 3771.0,
    "pct3ResTime" : 3771.0,
    "throughput" : 0.26518164942985945,
    "receivedKBytesPerSec" : 166.2971215360647,
    "sentKBytesPerSec" : 0.1209373342614691
  },
  "/aaaa-286" : {
    "transaction" : "/aaaa-286",
    "sampleCount" : 1,
    "errorCount" : 0,
    "errorPct" : 0.0,
    "meanResTime" : 76.0,
    "medianResTime" : 76.0,
    "minResTime" : 76.0,
    "maxResTime" : 76.0,
    "pct1ResTime" : 76.0,
    "pct2ResTime" : 76.0,
    "pct3ResTime" : 76.0,
    "throughput" : 13.157894736842104,
    "receivedKBytesPerSec" : 28.988486842105264,
    "sentKBytesPerSec" : 3.790604440789474
  },
  "/dsfad-267" : {
    "transaction" : "/dsfad-267",
    "sampleCount" : 1,
    "errorCount" : 0,
    "errorPct" : 0.0,
    "meanResTime" : 99.0,
    "medianResTime" : 99.0,
    "minResTime" : 99.0,
    "maxResTime" : 99.0,
    "pct1ResTime" : 99.0,
    "pct2ResTime" : 99.0,
    "pct3ResTime" : 99.0,
    "throughput" : 10.101010101010102,
    "receivedKBytesPerSec" : 22.25378787878788,
    "sentKBytesPerSec" : 2.9198232323232323
  },
  "/Image-246" : {
    "transaction" : "/Image-246",
    "sampleCount" : 1,
    "errorCount" : 0,
    "errorPct" : 0.0,
    "meanResTime" : 217.0,
    "medianResTime" : 217.0,
    "minResTime" : 217.0,
    "maxResTime" : 217.0,
    "pct1ResTime" : 217.0,
    "pct2ResTime" : 217.0,
    "pct3ResTime" : 217.0,
    "throughput" : 4.608294930875576,
    "receivedKBytesPerSec" : 10.152649769585253,
    "sentKBytesPerSec" : 1.3320852534562213
  },
  "/canonical.html-281" : {
    "transaction" : "/canonical.html-281",
    "sampleCount" : 1,
    "errorCount" : 0,
    "errorPct" : 0.0,
    "meanResTime" : 106.0,
    "medianResTime" : 106.0,
    "minResTime" : 106.0,
    "maxResTime" : 106.0,
    "pct1ResTime" : 106.0,
    "pct2ResTime" : 106.0,
    "pct3ResTime" : 106.0,
    "throughput" : 9.433962264150942,
    "receivedKBytesPerSec" : 2.745430424528302,
    "sentKBytesPerSec" : 2.7914946933962264
  },
  "/-350" : {
    "transaction" : "/-350",
    "sampleCount" : 1,
    "errorCount" : 0,
    "errorPct" : 0.0,
    "meanResTime" : 76.0,
    "medianResTime" : 76.0,
    "minResTime" : 76.0,
    "maxResTime" : 76.0,
    "pct1ResTime" : 76.0,
    "pct2ResTime" : 76.0,
    "pct3ResTime" : 76.0,
    "throughput" : 13.157894736842104,
    "receivedKBytesPerSec" : 28.57730263157895,
    "sentKBytesPerSec" : 3.7392064144736845
  },
  "/assets/images/news1.jpg-316" : {
    "transaction" : "/assets/images/news1.jpg-316",
    "sampleCount" : 1,
    "errorCount" : 0,
    "errorPct" : 0.0,
    "meanResTime" : 261.0,
    "medianResTime" : 261.0,
    "minResTime" : 261.0,
    "maxResTime" : 261.0,
    "pct1ResTime" : 261.0,
    "pct2ResTime" : 261.0,
    "pct3ResTime" : 261.0,
    "throughput" : 3.8314176245210727,
    "receivedKBytesPerSec" : 251.4442648467433,
    "sentKBytesPerSec" : 1.1748682950191571
  },
  "/DSAD-250" : {
    "transaction" : "/DSAD-250",
    "sampleCount" : 1,
    "errorCount" : 0,
    "errorPct" : 0.0,
    "meanResTime" : 91.0,
    "medianResTime" : 91.0,
    "minResTime" : 91.0,
    "maxResTime" : 91.0,
    "pct1ResTime" : 91.0,
    "pct2ResTime" : 91.0,
    "pct3ResTime" : 91.0,
    "throughput" : 10.989010989010989,
    "receivedKBytesPerSec" : 24.210164835164836,
    "sentKBytesPerSec" : 3.165779532967033
  },
  "/assets/images/test3.png-322" : {
    "transaction" : "/assets/images/test3.png-322",
    "sampleCount" : 1,
    "errorCount" : 0,
    "errorPct" : 0.0,
    "meanResTime" : 247.0,
    "medianResTime" : 247.0,
    "minResTime" : 247.0,
    "maxResTime" : 247.0,
    "pct1ResTime" : 247.0,
    "pct2ResTime" : 247.0,
    "pct3ResTime" : 247.0,
    "throughput" : 4.048582995951417,
    "receivedKBytesPerSec" : 199.14362980769232,
    "sentKBytesPerSec" : 1.241460020242915
  },
  "/saeg-277" : {
    "transaction" : "/saeg-277",
    "sampleCount" : 1,
    "errorCount" : 0,
    "errorPct" : 0.0,
    "meanResTime" : 112.0,
    "medianResTime" : 112.0,
    "minResTime" : 112.0,
    "maxResTime" : 112.0,
    "pct1ResTime" : 112.0,
    "pct2ResTime" : 112.0,
    "pct3ResTime" : 112.0,
    "throughput" : 8.928571428571429,
    "receivedKBytesPerSec" : 19.670758928571427,
    "sentKBytesPerSec" : 2.5721958705357144
  },
  "/success.txt-211" : {
    "transaction" : "/success.txt-211",
    "sampleCount" : 1,
    "errorCount" : 0,
    "errorPct" : 0.0,
    "meanResTime" : 27.0,
    "medianResTime" : 27.0,
    "minResTime" : 27.0,
    "maxResTime" : 27.0,
    "pct1ResTime" : 27.0,
    "pct2ResTime" : 27.0,
    "pct3ResTime" : 27.0,
    "throughput" : 37.03703703703704,
    "receivedKBytesPerSec" : 7.8125,
    "sentKBytesPerSec" : 11.031539351851851
  },
  "/runtime.3964d7e09681994c64e2.js-214" : {
    "transaction" : "/runtime.3964d7e09681994c64e2.js-214",
    "sampleCount" : 1,
    "errorCount" : 0,
    "errorPct" : 0.0,
    "meanResTime" : 127.0,
    "medianResTime" : 127.0,
    "minResTime" : 127.0,
    "maxResTime" : 127.0,
    "pct1ResTime" : 127.0,
    "pct2ResTime" : 127.0,
    "pct3ResTime" : 127.0,
    "throughput" : 7.874015748031496,
    "receivedKBytesPerSec" : 10.749876968503937,
    "sentKBytesPerSec" : 2.3068405511811023
  },
  "/success.txt-212" : {
    "transaction" : "/success.txt-212",
    "sampleCount" : 1,
    "errorCount" : 0,
    "errorPct" : 0.0,
    "meanResTime" : 378.0,
    "medianResTime" : 378.0,
    "minResTime" : 378.0,
    "maxResTime" : 378.0,
    "pct1ResTime" : 378.0,
    "pct2ResTime" : 378.0,
    "pct3ResTime" : 378.0,
    "throughput" : 2.6455026455026456,
    "receivedKBytesPerSec" : 0.5580357142857143,
    "sentKBytesPerSec" : 0.7879670965608465
  },
  "/assets/images/linkicon.png-315" : {
    "transaction" : "/assets/images/linkicon.png-315",
    "sampleCount" : 1,
    "errorCount" : 0,
    "errorPct" : 0.0,
    "meanResTime" : 80.0,
    "medianResTime" : 80.0,
    "minResTime" : 80.0,
    "maxResTime" : 80.0,
    "pct1ResTime" : 80.0,
    "pct2ResTime" : 80.0,
    "pct3ResTime" : 80.0,
    "throughput" : 12.5,
    "receivedKBytesPerSec" : 74.8779296875,
    "sentKBytesPerSec" : 3.86962890625
  },
  "/x-285" : {
    "transaction" : "/x-285",
    "sampleCount" : 1,
    "errorCount" : 0,
    "errorPct" : 0.0,
    "meanResTime" : 86.0,
    "medianResTime" : 86.0,
    "minResTime" : 86.0,
    "maxResTime" : 86.0,
    "pct1ResTime" : 86.0,
    "pct2ResTime" : 86.0,
    "pct3ResTime" : 86.0,
    "throughput" : 11.627906976744185,
    "receivedKBytesPerSec" : 25.617732558139537,
    "sentKBytesPerSec" : 3.3157703488372094
  },
  "/HMT%20Photo-264" : {
    "transaction" : "/HMT%20Photo-264",
    "sampleCount" : 1,
    "errorCount" : 0,
    "errorPct" : 0.0,
    "meanResTime" : 134.0,
    "medianResTime" : 134.0,
    "minResTime" : 134.0,
    "maxResTime" : 134.0,
    "pct1ResTime" : 134.0,
    "pct2ResTime" : 134.0,
    "pct3ResTime" : 134.0,
    "throughput" : 7.462686567164179,
    "receivedKBytesPerSec" : 16.44123134328358,
    "sentKBytesPerSec" : 2.200909514925373
  },
  "/AAAA-356" : {
    "transaction" : "/AAAA-356",
    "sampleCount" : 1,
    "errorCount" : 0,
    "errorPct" : 0.0,
    "meanResTime" : 126.0,
    "medianResTime" : 126.0,
    "minResTime" : 126.0,
    "maxResTime" : 126.0,
    "pct1ResTime" : 126.0,
    "pct2ResTime" : 126.0,
    "pct3ResTime" : 126.0,
    "throughput" : 7.936507936507936,
    "receivedKBytesPerSec" : 17.485119047619047,
    "sentKBytesPerSec" : 2.2863963293650795
  },
  "/asA-239" : {
    "transaction" : "/asA-239",
    "sampleCount" : 1,
    "errorCount" : 0,
    "errorPct" : 0.0,
    "meanResTime" : 150.0,
    "medianResTime" : 150.0,
    "minResTime" : 150.0,
    "maxResTime" : 150.0,
    "pct1ResTime" : 150.0,
    "pct2ResTime" : 150.0,
    "pct3ResTime" : 150.0,
    "throughput" : 6.666666666666667,
    "receivedKBytesPerSec" : 14.6875,
    "sentKBytesPerSec" : 1.9140625
  },
  "/sfsfs-347" : {
    "transaction" : "/sfsfs-347",
    "sampleCount" : 1,
    "errorCount" : 0,
    "errorPct" : 0.0,
    "meanResTime" : 122.0,
    "medianResTime" : 122.0,
    "minResTime" : 122.0,
    "maxResTime" : 122.0,
    "pct1ResTime" : 122.0,
    "pct2ResTime" : 122.0,
    "pct3ResTime" : 122.0,
    "throughput" : 8.196721311475411,
    "receivedKBytesPerSec" : 18.05840163934426,
    "sentKBytesPerSec" : 2.3693647540983607
  },
  "Total" : {
    "transaction" : "Total",
    "sampleCount" : 194,
    "errorCount" : 1,
    "errorPct" : 0.5154639,
    "meanResTime" : 1190.2525773195875,
    "medianResTime" : 121.5,
    "minResTime" : 23.0,
    "maxResTime" : 91238.0,
    "pct1ResTime" : 986.0,
    "pct2ResTime" : 2790.75,
    "pct3ResTime" : 68899.70000000027,
    "throughput" : 0.8396887092166656,
    "receivedKBytesPerSec" : 428.1135782114306,
    "sentKBytesPerSec" : 0.26345097992538025
  },
  "/canonical.html-399" : {
    "transaction" : "/canonical.html-399",
    "sampleCount" : 1,
    "errorCount" : 0,
    "errorPct" : 0.0,
    "meanResTime" : 232.0,
    "medianResTime" : 232.0,
    "minResTime" : 232.0,
    "maxResTime" : 232.0,
    "pct1ResTime" : 232.0,
    "pct2ResTime" : 232.0,
    "pct3ResTime" : 232.0,
    "throughput" : 4.310344827586206,
    "receivedKBytesPerSec" : 1.2543776939655171,
    "sentKBytesPerSec" : 1.2754242995689655
  },
  "/gjygujh-257" : {
    "transaction" : "/gjygujh-257",
    "sampleCount" : 1,
    "errorCount" : 0,
    "errorPct" : 0.0,
    "meanResTime" : 76.0,
    "medianResTime" : 76.0,
    "minResTime" : 76.0,
    "maxResTime" : 76.0,
    "pct1ResTime" : 76.0,
    "pct2ResTime" : 76.0,
    "pct3ResTime" : 76.0,
    "throughput" : 13.157894736842104,
    "receivedKBytesPerSec" : 28.988486842105264,
    "sentKBytesPerSec" : 3.829152960526316
  }
}